respondent_id,question_id,chosen_sugar_type,chosen_health_label,chosen_price,chose_sugar_free,chose_health_label,choice_value
1,q21,무설탕,건강라벨 있음,2500,1,1,1
1,q22,무설탕,건강라벨 있음,2500,1,1,2
1,q23,무설탕,건강라벨 없음,2000,1,0,1
1,q24,일반당,건강라벨 있음,2000,0,1,1
1,q25,무설탕,건강라벨 없음,2500,1,0,1
1,q26,무설탕,건강라벨 없음,2000,1,0,2
3,q21,무설탕,건강라벨 있음,2500,1,1,1
3,q22,무설탕,건강라벨 있음,2500,1,1,2
3,q23,무설탕,건강라벨 있음,3000,1,1,2
3,q24,일반당,건강라벨 있음,2000,0,1,1
3,q25,일반당,건강라벨 있음,3000,0,1,2
3,q26,일반당,건강라벨 있음,3000,0,1,1
5,q21,무설탕,건강라벨 있음,2500,1,1,1
5,q22,무설탕,건강라벨 있음,2500,1,1,2
5,q23,무설탕,건강라벨 없음,2000,1,0,1
5,q25,무설탕,건강라벨 없음,2500,1,0,1
5,q26,무설탕,건강라벨 없음,2000,1,0,2
6,q21,무설탕,건강라벨 있음,2500,1,1,1
6,q22,무설탕,건강라벨 있음,2500,1,1,2
6,q23,무설탕,건강라벨 없음,2000,1,0,1
6,q24,일반당,건강라벨 있음,2000,0,1,1
6,q25,무설탕,건강라벨 없음,2500,1,0,1
6,q26,무설탕,건강라벨 없음,2000,1,0,2
8,q21,무설탕,건강라벨 있음,2500,1,1,1
8,q22,무설탕,건강라벨 있음,2500,1,1,2
8,q23,무설탕,건강라벨 있음,3000,1,1,2
8,q24,일반당,건강라벨 있음,2000,0,1,1
8,q25,일반당,건강라벨 있음,3000,0,1,2
8,q26,일반당,건강라벨 있음,3000,0,1,1
10,q21,일반당,건강라벨 없음,2000,0,0,2
10,q22,무설탕,건강라벨 있음,2500,1,1,2
10,q23,무설탕,건강라벨 없음,2000,1,0,1
10,q24,일반당,건강라벨 있음,2000,0,1,1
10,q25,일반당,건강라벨 있음,3000,0,1,2
10,q26,무설탕,건강라벨 없음,2000,1,0,2
11,q21,무설탕,건강라벨 있음,2500,1,1,1
11,q22,무설탕,건강라벨 있음,2500,1,1,2
11,q23,무설탕,건강라벨 있음,3000,1,1,2
11,q24,일반당,건강라벨 있음,2000,0,1,1
11,q25,무설탕,건강라벨 없음,2500,1,0,1
11,q26,일반당,건강라벨 있음,3000,0,1,1
12,q21,무설탕,건강라벨 있음,2500,1,1,1
12,q22,무설탕,건강라벨 있음,2500,1,1,2
12,q23,무설탕,건강라벨 있음,3000,1,1,2
12,q24,일반당,건강라벨 있음,2000,0,1,1
12,q25,일반당,건강라벨 있음,3000,0,1,2
12,q26,일반당,건강라벨 있음,3000,0,1,1
13,q21,무설탕,건강라벨 있음,2500,1,1,1
13,q22,무설탕,건강라벨 있음,2500,1,1,2
13,q23,무설탕,건강라벨 없음,2000,1,0,1
13,q24,일반당,건강라벨 있음,2000,0,1,1
13,q25,무설탕,건강라벨 없음,2500,1,0,1
13,q26,무설탕,건강라벨 없음,2000,1,0,2
14,q21,무설탕,건강라벨 있음,2500,1,1,1
14,q22,무설탕,건강라벨 있음,2500,1,1,2
14,q23,무설탕,건강라벨 있음,3000,1,1,2
14,q24,일반당,건강라벨 있음,2000,0,1,1
14,q25,일반당,건강라벨 있음,3000,0,1,2
14,q26,일반당,건강라벨 있음,3000,0,1,1
15,q21,무설탕,건강라벨 있음,2500,1,1,1
15,q22,무설탕,건강라벨 있음,2500,1,1,2
15,q23,무설탕,건강라벨 있음,3000,1,1,2
15,q24,일반당,건강라벨 있음,2000,0,1,1
15,q25,무설탕,건강라벨 없음,2500,1,0,1
15,q26,무설탕,건강라벨 없음,2000,1,0,2
16,q21,무설탕,건강라벨 있음,2500,1,1,1
16,q22,무설탕,건강라벨 있음,2500,1,1,2
16,q23,무설탕,건강라벨 없음,2000,1,0,1
16,q25,일반당,건강라벨 있음,3000,0,1,2
16,q26,무설탕,건강라벨 없음,2000,1,0,2
17,q21,일반당,건강라벨 없음,2000,0,0,2
17,q22,일반당,건강라벨 없음,3000,0,0,1
17,q23,무설탕,건강라벨 없음,2000,1,0,1
17,q24,일반당,건강라벨 있음,2000,0,1,1
17,q25,무설탕,건강라벨 없음,2500,1,0,1
17,q26,무설탕,건강라벨 없음,2000,1,0,2
18,q21,무설탕,건강라벨 있음,2500,1,1,1
18,q22,무설탕,건강라벨 있음,2500,1,1,2
18,q23,무설탕,건강라벨 없음,2000,1,0,1
18,q24,일반당,건강라벨 있음,2000,0,1,1
18,q25,무설탕,건강라벨 없음,2500,1,0,1
18,q26,무설탕,건강라벨 없음,2000,1,0,2
19,q21,무설탕,건강라벨 있음,2500,1,1,1
19,q22,무설탕,건강라벨 있음,2500,1,1,2
19,q23,무설탕,건강라벨 없음,2000,1,0,1
19,q24,일반당,건강라벨 있음,2000,0,1,1
19,q25,무설탕,건강라벨 없음,2500,1,0,1
19,q26,무설탕,건강라벨 없음,2000,1,0,2
20,q21,무설탕,건강라벨 있음,2500,1,1,1
20,q22,무설탕,건강라벨 있음,2500,1,1,2
20,q23,무설탕,건강라벨 없음,2000,1,0,1
20,q25,무설탕,건강라벨 없음,2500,1,0,1
20,q26,무설탕,건강라벨 없음,2000,1,0,2
21,q21,일반당,건강라벨 없음,2000,0,0,2
21,q22,무설탕,건강라벨 있음,2500,1,1,2
21,q23,무설탕,건강라벨 없음,2000,1,0,1
21,q24,일반당,건강라벨 있음,2000,0,1,1
21,q25,무설탕,건강라벨 없음,2500,1,0,1
21,q26,무설탕,건강라벨 없음,2000,1,0,2
23,q21,일반당,건강라벨 없음,2000,0,0,2
23,q22,무설탕,건강라벨 있음,2500,1,1,2
23,q23,무설탕,건강라벨 없음,2000,1,0,1
23,q24,일반당,건강라벨 있음,2000,0,1,1
23,q25,무설탕,건강라벨 없음,2500,1,0,1
23,q26,무설탕,건강라벨 없음,2000,1,0,2
24,q21,무설탕,건강라벨 있음,2500,1,1,1
24,q22,무설탕,건강라벨 있음,2500,1,1,2
24,q23,무설탕,건강라벨 없음,2000,1,0,1
24,q24,일반당,건강라벨 있음,2000,0,1,1
24,q25,무설탕,건강라벨 없음,2500,1,0,1
24,q26,무설탕,건강라벨 없음,2000,1,0,2
27,q21,무설탕,건강라벨 있음,2500,1,1,1
27,q22,일반당,건강라벨 없음,3000,0,0,1
27,q23,무설탕,건강라벨 있음,3000,1,1,2
27,q24,일반당,건강라벨 있음,2000,0,1,1
27,q25,무설탕,건강라벨 없음,2500,1,0,1
27,q26,일반당,건강라벨 있음,3000,0,1,1
28,q21,무설탕,건강라벨 있음,2500,1,1,1
28,q22,무설탕,건강라벨 있음,2500,1,1,2
28,q23,무설탕,건강라벨 없음,2000,1,0,1
28,q24,일반당,건강라벨 있음,2000,0,1,1
28,q25,무설탕,건강라벨 없음,2500,1,0,1
28,q26,무설탕,건강라벨 없음,2000,1,0,2
29,q21,무설탕,건강라벨 있음,2500,1,1,1
29,q22,무설탕,건강라벨 있음,2500,1,1,2
29,q23,무설탕,건강라벨 없음,2000,1,0,1
29,q24,일반당,건강라벨 있음,2000,0,1,1
29,q25,무설탕,건강라벨 없음,2500,1,0,1
29,q26,무설탕,건강라벨 없음,2000,1,0,2
30,q21,무설탕,건강라벨 있음,2500,1,1,1
30,q22,무설탕,건강라벨 있음,2500,1,1,2
30,q23,무설탕,건강라벨 없음,2000,1,0,1
30,q24,일반당,건강라벨 있음,2000,0,1,1
30,q25,무설탕,건강라벨 없음,2500,1,0,1
30,q26,무설탕,건강라벨 없음,2000,1,0,2
31,q21,무설탕,건강라벨 있음,2500,1,1,1
31,q22,무설탕,건강라벨 있음,2500,1,1,2
31,q23,무설탕,건강라벨 있음,3000,1,1,2
31,q24,일반당,건강라벨 있음,2000,0,1,1
31,q25,일반당,건강라벨 있음,3000,0,1,2
31,q26,일반당,건강라벨 있음,3000,0,1,1
32,q21,무설탕,건강라벨 있음,2500,1,1,1
32,q22,무설탕,건강라벨 있음,2500,1,1,2
32,q23,무설탕,건강라벨 없음,2000,1,0,1
32,q24,일반당,건강라벨 있음,2000,0,1,1
32,q25,무설탕,건강라벨 없음,2500,1,0,1
32,q26,무설탕,건강라벨 없음,2000,1,0,2
33,q24,일반당,건강라벨 있음,2000,0,1,1
34,q21,일반당,건강라벨 없음,2000,0,0,2
34,q22,무설탕,건강라벨 있음,2500,1,1,2
34,q23,무설탕,건강라벨 없음,2000,1,0,1
34,q24,일반당,건강라벨 있음,2000,0,1,1
34,q25,무설탕,건강라벨 없음,2500,1,0,1
35,q21,무설탕,건강라벨 있음,2500,1,1,1
35,q22,무설탕,건강라벨 있음,2500,1,1,2
35,q23,무설탕,건강라벨 없음,2000,1,0,1
35,q24,일반당,건강라벨 있음,2000,0,1,1
35,q25,일반당,건강라벨 있음,3000,0,1,2
35,q26,무설탕,건강라벨 없음,2000,1,0,2
36,q21,무설탕,건강라벨 있음,2500,1,1,1
36,q22,무설탕,건강라벨 있음,2500,1,1,2
36,q23,무설탕,건강라벨 있음,3000,1,1,2
36,q24,일반당,건강라벨 있음,2000,0,1,1
36,q25,무설탕,건강라벨 없음,2500,1,0,1
36,q26,무설탕,건강라벨 없음,2000,1,0,2
37,q21,일반당,건강라벨 없음,2000,0,0,2
37,q22,일반당,건강라벨 없음,3000,0,0,1
37,q23,무설탕,건강라벨 없음,2000,1,0,1
37,q24,일반당,건강라벨 있음,2000,0,1,1
37,q25,무설탕,건강라벨 없음,2500,1,0,1
37,q26,무설탕,건강라벨 없음,2000,1,0,2
38,q21,무설탕,건강라벨 있음,2500,1,1,1
38,q22,무설탕,건강라벨 있음,2500,1,1,2
38,q23,무설탕,건강라벨 없음,2000,1,0,1
38,q24,일반당,건강라벨 있음,2000,0,1,1
38,q25,일반당,건강라벨 있음,3000,0,1,2
38,q26,일반당,건강라벨 있음,3000,0,1,1
41,q21,일반당,건강라벨 없음,2000,0,0,2
41,q22,무설탕,건강라벨 있음,2500,1,1,2
41,q23,무설탕,건강라벨 없음,2000,1,0,1
41,q24,일반당,건강라벨 있음,2000,0,1,1
41,q25,무설탕,건강라벨 없음,2500,1,0,1
41,q26,무설탕,건강라벨 없음,2000,1,0,2
42,q21,무설탕,건강라벨 있음,2500,1,1,1
42,q22,무설탕,건강라벨 있음,2500,1,1,2
42,q23,무설탕,건강라벨 없음,2000,1,0,1
42,q25,일반당,건강라벨 있음,3000,0,1,2
42,q26,일반당,건강라벨 있음,3000,0,1,1
43,q21,무설탕,건강라벨 있음,2500,1,1,1
43,q22,무설탕,건강라벨 있음,2500,1,1,2
43,q23,무설탕,건강라벨 없음,2000,1,0,1
43,q24,일반당,건강라벨 있음,2000,0,1,1
43,q25,무설탕,건강라벨 없음,2500,1,0,1
43,q26,무설탕,건강라벨 없음,2000,1,0,2
44,q21,무설탕,건강라벨 있음,2500,1,1,1
44,q22,무설탕,건강라벨 있음,2500,1,1,2
44,q23,무설탕,건강라벨 있음,3000,1,1,2
44,q24,일반당,건강라벨 있음,2000,0,1,1
44,q25,무설탕,건강라벨 없음,2500,1,0,1
44,q26,무설탕,건강라벨 없음,2000,1,0,2
46,q21,무설탕,건강라벨 있음,2500,1,1,1
46,q22,무설탕,건강라벨 있음,2500,1,1,2
46,q23,무설탕,건강라벨 없음,2000,1,0,1
46,q24,일반당,건강라벨 있음,2000,0,1,1
46,q25,무설탕,건강라벨 없음,2500,1,0,1
46,q26,무설탕,건강라벨 없음,2000,1,0,2
47,q21,일반당,건강라벨 없음,2000,0,0,2
47,q22,무설탕,건강라벨 있음,2500,1,1,2
47,q23,무설탕,건강라벨 없음,2000,1,0,1
47,q24,일반당,건강라벨 있음,2000,0,1,1
47,q25,무설탕,건강라벨 없음,2500,1,0,1
47,q26,무설탕,건강라벨 없음,2000,1,0,2
48,q24,일반당,건강라벨 있음,2000,0,1,1
49,q21,무설탕,건강라벨 있음,2500,1,1,1
49,q22,무설탕,건강라벨 있음,2500,1,1,2
49,q23,무설탕,건강라벨 있음,3000,1,1,2
49,q24,일반당,건강라벨 있음,2000,0,1,1
49,q25,일반당,건강라벨 있음,3000,0,1,2
49,q26,일반당,건강라벨 있음,3000,0,1,1
50,q21,무설탕,건강라벨 있음,2500,1,1,1
50,q22,무설탕,건강라벨 있음,2500,1,1,2
50,q23,무설탕,건강라벨 있음,3000,1,1,2
50,q24,일반당,건강라벨 있음,2000,0,1,1
50,q25,무설탕,건강라벨 없음,2500,1,0,1
50,q26,무설탕,건강라벨 없음,2000,1,0,2
51,q21,일반당,건강라벨 없음,2000,0,0,2
51,q22,무설탕,건강라벨 있음,2500,1,1,2
51,q23,무설탕,건강라벨 없음,2000,1,0,1
51,q24,일반당,건강라벨 있음,2000,0,1,1
51,q25,무설탕,건강라벨 없음,2500,1,0,1
51,q26,무설탕,건강라벨 없음,2000,1,0,2
52,q21,무설탕,건강라벨 있음,2500,1,1,1
52,q22,무설탕,건강라벨 있음,2500,1,1,2
52,q23,무설탕,건강라벨 없음,2000,1,0,1
52,q24,일반당,건강라벨 있음,2000,0,1,1
52,q25,무설탕,건강라벨 없음,2500,1,0,1
52,q26,무설탕,건강라벨 없음,2000,1,0,2
53,q21,무설탕,건강라벨 있음,2500,1,1,1
53,q22,무설탕,건강라벨 있음,2500,1,1,2
53,q23,무설탕,건강라벨 없음,2000,1,0,1
53,q24,일반당,건강라벨 있음,2000,0,1,1
53,q25,무설탕,건강라벨 없음,2500,1,0,1
53,q26,무설탕,건강라벨 없음,2000,1,0,2
54,q21,무설탕,건강라벨 있음,2500,1,1,1
54,q22,무설탕,건강라벨 있음,2500,1,1,2
54,q23,무설탕,건강라벨 있음,3000,1,1,2
54,q24,일반당,건강라벨 있음,2000,0,1,1
54,q25,무설탕,건강라벨 없음,2500,1,0,1
54,q26,무설탕,건강라벨 없음,2000,1,0,2
55,q21,일반당,건강라벨 없음,2000,0,0,2
55,q22,무설탕,건강라벨 있음,2500,1,1,2
55,q23,무설탕,건강라벨 없음,2000,1,0,1
55,q24,일반당,건강라벨 있음,2000,0,1,1
55,q25,무설탕,건강라벨 없음,2500,1,0,1
55,q26,무설탕,건강라벨 없음,2000,1,0,2
56,q21,무설탕,건강라벨 있음,2500,1,1,1
56,q22,무설탕,건강라벨 있음,2500,1,1,2
56,q23,무설탕,건강라벨 없음,2000,1,0,1
56,q24,일반당,건강라벨 있음,2000,0,1,1
56,q25,무설탕,건강라벨 없음,2500,1,0,1
56,q26,무설탕,건강라벨 없음,2000,1,0,2
57,q21,무설탕,건강라벨 있음,2500,1,1,1
57,q22,무설탕,건강라벨 있음,2500,1,1,2
57,q23,무설탕,건강라벨 없음,2000,1,0,1
57,q24,일반당,건강라벨 있음,2000,0,1,1
57,q25,무설탕,건강라벨 없음,2500,1,0,1
57,q26,무설탕,건강라벨 없음,2000,1,0,2
58,q21,무설탕,건강라벨 있음,2500,1,1,1
58,q22,무설탕,건강라벨 있음,2500,1,1,2
58,q23,무설탕,건강라벨 있음,3000,1,1,2
58,q24,일반당,건강라벨 있음,2000,0,1,1
58,q25,무설탕,건강라벨 없음,2500,1,0,1
58,q26,무설탕,건강라벨 없음,2000,1,0,2
59,q21,일반당,건강라벨 없음,2000,0,0,2
59,q22,무설탕,건강라벨 있음,2500,1,1,2
59,q23,무설탕,건강라벨 없음,2000,1,0,1
59,q24,일반당,건강라벨 있음,2000,0,1,1
59,q25,무설탕,건강라벨 없음,2500,1,0,1
59,q26,무설탕,건강라벨 없음,2000,1,0,2
60,q21,일반당,건강라벨 없음,2000,0,0,2
60,q22,무설탕,건강라벨 있음,2500,1,1,2
60,q23,무설탕,건강라벨 있음,3000,1,1,2
60,q24,일반당,건강라벨 있음,2000,0,1,1
60,q25,무설탕,건강라벨 없음,2500,1,0,1
60,q26,무설탕,건강라벨 없음,2000,1,0,2
61,q21,무설탕,건강라벨 있음,2500,1,1,1
61,q22,무설탕,건강라벨 있음,2500,1,1,2
61,q23,무설탕,건강라벨 없음,2000,1,0,1
61,q24,일반당,건강라벨 있음,2000,0,1,1
61,q25,무설탕,건강라벨 없음,2500,1,0,1
61,q26,일반당,건강라벨 있음,3000,0,1,1
62,q21,무설탕,건강라벨 있음,2500,1,1,1
62,q22,일반당,건강라벨 없음,3000,0,0,1
62,q23,무설탕,건강라벨 없음,2000,1,0,1
62,q24,일반당,건강라벨 있음,2000,0,1,1
62,q25,무설탕,건강라벨 없음,2500,1,0,1
62,q26,무설탕,건강라벨 없음,2000,1,0,2
64,q21,무설탕,건강라벨 있음,2500,1,1,1
64,q22,무설탕,건강라벨 있음,2500,1,1,2
64,q23,무설탕,건강라벨 없음,2000,1,0,1
64,q24,일반당,건강라벨 있음,2000,0,1,1
64,q25,무설탕,건강라벨 없음,2500,1,0,1
64,q26,무설탕,건강라벨 없음,2000,1,0,2
65,q21,무설탕,건강라벨 있음,2500,1,1,1
65,q22,무설탕,건강라벨 있음,2500,1,1,2
65,q23,무설탕,건강라벨 있음,3000,1,1,2
65,q24,일반당,건강라벨 있음,2000,0,1,1
65,q25,무설탕,건강라벨 없음,2500,1,0,1
65,q26,무설탕,건강라벨 없음,2000,1,0,2
66,q21,무설탕,건강라벨 있음,2500,1,1,1
66,q22,무설탕,건강라벨 있음,2500,1,1,2
66,q23,무설탕,건강라벨 있음,3000,1,1,2
66,q24,일반당,건강라벨 있음,2000,0,1,1
66,q25,무설탕,건강라벨 없음,2500,1,0,1
66,q26,무설탕,건강라벨 없음,2000,1,0,2
67,q21,무설탕,건강라벨 있음,2500,1,1,1
67,q22,무설탕,건강라벨 있음,2500,1,1,2
67,q23,무설탕,건강라벨 없음,2000,1,0,1
67,q24,일반당,건강라벨 있음,2000,0,1,1
67,q25,무설탕,건강라벨 없음,2500,1,0,1
67,q26,무설탕,건강라벨 없음,2000,1,0,2
69,q21,일반당,건강라벨 없음,2000,0,0,2
69,q22,무설탕,건강라벨 있음,2500,1,1,2
69,q23,무설탕,건강라벨 없음,2000,1,0,1
69,q24,일반당,건강라벨 있음,2000,0,1,1
69,q25,무설탕,건강라벨 없음,2500,1,0,1
69,q26,무설탕,건강라벨 없음,2000,1,0,2
70,q21,무설탕,건강라벨 있음,2500,1,1,1
70,q22,무설탕,건강라벨 있음,2500,1,1,2
70,q24,일반당,건강라벨 있음,2000,0,1,1
71,q21,무설탕,건강라벨 있음,2500,1,1,1
71,q22,무설탕,건강라벨 있음,2500,1,1,2
71,q23,무설탕,건강라벨 없음,2000,1,0,1
71,q24,일반당,건강라벨 있음,2000,0,1,1
71,q25,무설탕,건강라벨 없음,2500,1,0,1
71,q26,무설탕,건강라벨 없음,2000,1,0,2
72,q21,일반당,건강라벨 없음,2000,0,0,2
72,q22,무설탕,건강라벨 있음,2500,1,1,2
72,q23,무설탕,건강라벨 없음,2000,1,0,1
72,q25,일반당,건강라벨 있음,3000,0,1,2
72,q26,무설탕,건강라벨 없음,2000,1,0,2
73,q21,무설탕,건강라벨 있음,2500,1,1,1
73,q22,무설탕,건강라벨 있음,2500,1,1,2
73,q23,무설탕,건강라벨 있음,3000,1,1,2
73,q24,일반당,건강라벨 있음,2000,0,1,1
73,q25,무설탕,건강라벨 없음,2500,1,0,1
73,q26,일반당,건강라벨 있음,3000,0,1,1
74,q21,무설탕,건강라벨 있음,2500,1,1,1
74,q22,무설탕,건강라벨 있음,2500,1,1,2
74,q23,무설탕,건강라벨 없음,2000,1,0,1
74,q24,일반당,건강라벨 있음,2000,0,1,1
74,q25,무설탕,건강라벨 없음,2500,1,0,1
74,q26,무설탕,건강라벨 없음,2000,1,0,2
75,q21,일반당,건강라벨 없음,2000,0,0,2
75,q22,일반당,건강라벨 없음,3000,0,0,1
75,q23,무설탕,건강라벨 없음,2000,1,0,1
75,q24,일반당,건강라벨 없음,2500,0,0,2
75,q25,일반당,건강라벨 있음,3000,0,1,2
75,q26,일반당,건강라벨 있음,3000,0,1,1
76,q21,무설탕,건강라벨 있음,2500,1,1,1
76,q22,무설탕,건강라벨 있음,2500,1,1,2
76,q23,무설탕,건강라벨 없음,2000,1,0,1
76,q24,일반당,건강라벨 있음,2000,0,1,1
76,q25,무설탕,건강라벨 없음,2500,1,0,1
76,q26,일반당,건강라벨 있음,3000,0,1,1
77,q21,일반당,건강라벨 없음,2000,0,0,2
77,q22,무설탕,건강라벨 있음,2500,1,1,2
77,q23,무설탕,건강라벨 없음,2000,1,0,1
77,q24,일반당,건강라벨 있음,2000,0,1,1
77,q25,무설탕,건강라벨 없음,2500,1,0,1
77,q26,무설탕,건강라벨 없음,2000,1,0,2
78,q21,무설탕,건강라벨 있음,2500,1,1,1
78,q22,무설탕,건강라벨 있음,2500,1,1,2
78,q23,무설탕,건강라벨 있음,3000,1,1,2
78,q24,일반당,건강라벨 있음,2000,0,1,1
78,q25,무설탕,건강라벨 없음,2500,1,0,1
78,q26,무설탕,건강라벨 없음,2000,1,0,2
79,q21,무설탕,건강라벨 있음,2500,1,1,1
79,q22,무설탕,건강라벨 있음,2500,1,1,2
79,q23,무설탕,건강라벨 있음,3000,1,1,2
79,q24,일반당,건강라벨 있음,2000,0,1,1
79,q25,일반당,건강라벨 있음,3000,0,1,2
79,q26,일반당,건강라벨 있음,3000,0,1,1
80,q21,무설탕,건강라벨 있음,2500,1,1,1
80,q22,무설탕,건강라벨 있음,2500,1,1,2
80,q23,무설탕,건강라벨 있음,3000,1,1,2
80,q24,일반당,건강라벨 있음,2000,0,1,1
80,q25,무설탕,건강라벨 없음,2500,1,0,1
80,q26,무설탕,건강라벨 없음,2000,1,0,2
81,q21,무설탕,건강라벨 있음,2500,1,1,1
81,q22,무설탕,건강라벨 있음,2500,1,1,2
81,q23,무설탕,건강라벨 없음,2000,1,0,1
81,q24,일반당,건강라벨 있음,2000,0,1,1
81,q25,무설탕,건강라벨 없음,2500,1,0,1
81,q26,무설탕,건강라벨 없음,2000,1,0,2
82,q21,무설탕,건강라벨 있음,2500,1,1,1
82,q22,무설탕,건강라벨 있음,2500,1,1,2
82,q23,무설탕,건강라벨 없음,2000,1,0,1
82,q24,일반당,건강라벨 있음,2000,0,1,1
82,q25,무설탕,건강라벨 없음,2500,1,0,1
82,q26,무설탕,건강라벨 없음,2000,1,0,2
84,q21,무설탕,건강라벨 있음,2500,1,1,1
84,q22,무설탕,건강라벨 있음,2500,1,1,2
84,q23,무설탕,건강라벨 없음,2000,1,0,1
84,q24,일반당,건강라벨 있음,2000,0,1,1
84,q25,무설탕,건강라벨 없음,2500,1,0,1
84,q26,무설탕,건강라벨 없음,2000,1,0,2
85,q21,무설탕,건강라벨 있음,2500,1,1,1
85,q22,무설탕,건강라벨 있음,2500,1,1,2
85,q23,무설탕,건강라벨 있음,3000,1,1,2
85,q24,일반당,건강라벨 있음,2000,0,1,1
85,q25,무설탕,건강라벨 없음,2500,1,0,1
85,q26,무설탕,건강라벨 없음,2000,1,0,2
86,q21,무설탕,건강라벨 있음,2500,1,1,1
86,q22,무설탕,건강라벨 있음,2500,1,1,2
86,q23,무설탕,건강라벨 없음,2000,1,0,1
86,q24,일반당,건강라벨 있음,2000,0,1,1
86,q25,무설탕,건강라벨 없음,2500,1,0,1
86,q26,무설탕,건강라벨 없음,2000,1,0,2
88,q21,무설탕,건강라벨 있음,2500,1,1,1
88,q22,무설탕,건강라벨 있음,2500,1,1,2
88,q23,무설탕,건강라벨 있음,3000,1,1,2
88,q25,무설탕,건강라벨 없음,2500,1,0,1
89,q21,무설탕,건강라벨 있음,2500,1,1,1
89,q22,무설탕,건강라벨 있음,2500,1,1,2
89,q23,무설탕,건강라벨 있음,3000,1,1,2
89,q24,일반당,건강라벨 있음,2000,0,1,1
89,q25,일반당,건강라벨 있음,3000,0,1,2
89,q26,무설탕,건강라벨 없음,2000,1,0,2
90,q21,일반당,건강라벨 없음,2000,0,0,2
90,q22,무설탕,건강라벨 있음,2500,1,1,2
90,q23,무설탕,건강라벨 없음,2000,1,0,1
90,q24,일반당,건강라벨 있음,2000,0,1,1
90,q25,무설탕,건강라벨 없음,2500,1,0,1
90,q26,일반당,건강라벨 있음,3000,0,1,1
91,q21,무설탕,건강라벨 있음,2500,1,1,1
91,q22,무설탕,건강라벨 있음,2500,1,1,2
91,q23,무설탕,건강라벨 있음,3000,1,1,2
91,q24,일반당,건강라벨 있음,2000,0,1,1
91,q25,일반당,건강라벨 있음,3000,0,1,2
91,q26,일반당,건강라벨 있음,3000,0,1,1
92,q21,무설탕,건강라벨 있음,2500,1,1,1
92,q22,무설탕,건강라벨 있음,2500,1,1,2
92,q23,무설탕,건강라벨 없음,2000,1,0,1
92,q24,일반당,건강라벨 있음,2000,0,1,1
92,q25,무설탕,건강라벨 없음,2500,1,0,1
92,q26,무설탕,건강라벨 없음,2000,1,0,2
93,q21,무설탕,건강라벨 있음,2500,1,1,1
93,q22,무설탕,건강라벨 있음,2500,1,1,2
93,q23,무설탕,건강라벨 있음,3000,1,1,2
93,q25,무설탕,건강라벨 없음,2500,1,0,1
93,q26,무설탕,건강라벨 없음,2000,1,0,2
94,q21,무설탕,건강라벨 있음,2500,1,1,1
94,q22,무설탕,건강라벨 있음,2500,1,1,2
94,q23,무설탕,건강라벨 없음,2000,1,0,1
94,q24,일반당,건강라벨 있음,2000,0,1,1
94,q25,일반당,건강라벨 있음,3000,0,1,2
94,q26,일반당,건강라벨 있음,3000,0,1,1
95,q21,일반당,건강라벨 없음,2000,0,0,2
95,q22,일반당,건강라벨 없음,3000,0,0,1
95,q23,무설탕,건강라벨 없음,2000,1,0,1
95,q24,일반당,건강라벨 있음,2000,0,1,1
95,q25,일반당,건강라벨 있음,3000,0,1,2
95,q26,일반당,건강라벨 있음,3000,0,1,1
96,q21,무설탕,건강라벨 있음,2500,1,1,1
96,q22,무설탕,건강라벨 있음,2500,1,1,2
96,q23,무설탕,건강라벨 있음,3000,1,1,2
96,q24,일반당,건강라벨 있음,2000,0,1,1
96,q25,무설탕,건강라벨 없음,2500,1,0,1
96,q26,일반당,건강라벨 있음,3000,0,1,1
97,q21,일반당,건강라벨 없음,2000,0,0,2
97,q22,일반당,건강라벨 없음,3000,0,0,1
97,q23,무설탕,건강라벨 없음,2000,1,0,1
97,q24,일반당,건강라벨 없음,2500,0,0,2
97,q25,무설탕,건강라벨 없음,2500,1,0,1
97,q26,무설탕,건강라벨 없음,2000,1,0,2
98,q21,무설탕,건강라벨 있음,2500,1,1,1
98,q22,무설탕,건강라벨 있음,2500,1,1,2
98,q23,무설탕,건강라벨 있음,3000,1,1,2
98,q24,일반당,건강라벨 있음,2000,0,1,1
98,q25,무설탕,건강라벨 없음,2500,1,0,1
98,q26,무설탕,건강라벨 없음,2000,1,0,2
99,q21,일반당,건강라벨 없음,2000,0,0,2
99,q22,무설탕,건강라벨 있음,2500,1,1,2
99,q23,무설탕,건강라벨 없음,2000,1,0,1
99,q24,일반당,건강라벨 있음,2000,0,1,1
99,q25,무설탕,건강라벨 없음,2500,1,0,1
99,q26,무설탕,건강라벨 없음,2000,1,0,2
100,q21,무설탕,건강라벨 있음,2500,1,1,1
100,q22,무설탕,건강라벨 있음,2500,1,1,2
100,q23,무설탕,건강라벨 있음,3000,1,1,2
100,q24,일반당,건강라벨 있음,2000,0,1,1
100,q25,무설탕,건강라벨 없음,2500,1,0,1
100,q26,무설탕,건강라벨 없음,2000,1,0,2
101,q21,일반당,건강라벨 없음,2000,0,0,2
101,q22,무설탕,건강라벨 있음,2500,1,1,2
101,q23,무설탕,건강라벨 없음,2000,1,0,1
101,q24,일반당,건강라벨 있음,2000,0,1,1
101,q25,무설탕,건강라벨 없음,2500,1,0,1
101,q26,무설탕,건강라벨 없음,2000,1,0,2
102,q21,일반당,건강라벨 없음,2000,0,0,2
102,q22,무설탕,건강라벨 있음,2500,1,1,2
102,q23,무설탕,건강라벨 없음,2000,1,0,1
102,q24,일반당,건강라벨 있음,2000,0,1,1
102,q25,무설탕,건강라벨 없음,2500,1,0,1
102,q26,무설탕,건강라벨 없음,2000,1,0,2
103,q21,일반당,건강라벨 없음,2000,0,0,2
103,q22,무설탕,건강라벨 있음,2500,1,1,2
103,q23,무설탕,건강라벨 없음,2000,1,0,1
103,q24,일반당,건강라벨 있음,2000,0,1,1
103,q25,무설탕,건강라벨 없음,2500,1,0,1
103,q26,무설탕,건강라벨 없음,2000,1,0,2
104,q21,일반당,건강라벨 없음,2000,0,0,2
104,q22,무설탕,건강라벨 있음,2500,1,1,2
104,q23,무설탕,건강라벨 없음,2000,1,0,1
104,q24,일반당,건강라벨 있음,2000,0,1,1
104,q25,무설탕,건강라벨 없음,2500,1,0,1
104,q26,무설탕,건강라벨 없음,2000,1,0,2
105,q21,무설탕,건강라벨 있음,2500,1,1,1
105,q22,무설탕,건강라벨 있음,2500,1,1,2
105,q23,무설탕,건강라벨 있음,3000,1,1,2
105,q24,일반당,건강라벨 있음,2000,0,1,1
105,q25,무설탕,건강라벨 없음,2500,1,0,1
105,q26,무설탕,건강라벨 없음,2000,1,0,2
108,q21,무설탕,건강라벨 있음,2500,1,1,1
108,q22,무설탕,건강라벨 있음,2500,1,1,2
108,q24,일반당,건강라벨 있음,2000,0,1,1
109,q21,무설탕,건강라벨 있음,2500,1,1,1
109,q22,무설탕,건강라벨 있음,2500,1,1,2
109,q23,무설탕,건강라벨 있음,3000,1,1,2
109,q24,일반당,건강라벨 있음,2000,0,1,1
109,q25,무설탕,건강라벨 없음,2500,1,0,1
109,q26,무설탕,건강라벨 없음,2000,1,0,2
110,q21,무설탕,건강라벨 있음,2500,1,1,1
110,q22,무설탕,건강라벨 있음,2500,1,1,2
110,q23,무설탕,건강라벨 있음,3000,1,1,2
111,q21,일반당,건강라벨 없음,2000,0,0,2
111,q22,무설탕,건강라벨 있음,2500,1,1,2
111,q23,무설탕,건강라벨 없음,2000,1,0,1
111,q24,일반당,건강라벨 있음,2000,0,1,1
111,q25,무설탕,건강라벨 없음,2500,1,0,1
111,q26,무설탕,건강라벨 없음,2000,1,0,2
112,q21,무설탕,건강라벨 있음,2500,1,1,1
112,q22,무설탕,건강라벨 있음,2500,1,1,2
112,q23,무설탕,건강라벨 있음,3000,1,1,2
112,q24,일반당,건강라벨 있음,2000,0,1,1
112,q25,일반당,건강라벨 있음,3000,0,1,2
112,q26,일반당,건강라벨 있음,3000,0,1,1
113,q21,무설탕,건강라벨 있음,2500,1,1,1
113,q22,무설탕,건강라벨 있음,2500,1,1,2
113,q23,무설탕,건강라벨 있음,3000,1,1,2
113,q24,일반당,건강라벨 있음,2000,0,1,1
113,q25,무설탕,건강라벨 없음,2500,1,0,1
113,q26,무설탕,건강라벨 없음,2000,1,0,2
114,q21,무설탕,건강라벨 있음,2500,1,1,1
114,q22,무설탕,건강라벨 있음,2500,1,1,2
114,q23,무설탕,건강라벨 있음,3000,1,1,2
114,q24,일반당,건강라벨 있음,2000,0,1,1
114,q25,무설탕,건강라벨 없음,2500,1,0,1
114,q26,무설탕,건강라벨 없음,2000,1,0,2
116,q21,무설탕,건강라벨 있음,2500,1,1,1
116,q22,무설탕,건강라벨 있음,2500,1,1,2
116,q23,무설탕,건강라벨 있음,3000,1,1,2
116,q24,일반당,건강라벨 있음,2000,0,1,1
116,q25,일반당,건강라벨 있음,3000,0,1,2
116,q26,일반당,건강라벨 있음,3000,0,1,1
117,q21,무설탕,건강라벨 있음,2500,1,1,1
117,q22,무설탕,건강라벨 있음,2500,1,1,2
117,q23,무설탕,건강라벨 없음,2000,1,0,1
117,q24,일반당,건강라벨 있음,2000,0,1,1
117,q25,무설탕,건강라벨 없음,2500,1,0,1
117,q26,무설탕,건강라벨 없음,2000,1,0,2
119,q21,무설탕,건강라벨 있음,2500,1,1,1
119,q22,무설탕,건강라벨 있음,2500,1,1,2
119,q23,무설탕,건강라벨 있음,3000,1,1,2
119,q24,일반당,건강라벨 있음,2000,0,1,1
119,q25,일반당,건강라벨 있음,3000,0,1,2
119,q26,무설탕,건강라벨 없음,2000,1,0,2
120,q22,무설탕,건강라벨 있음,2500,1,1,2
120,q23,무설탕,건강라벨 있음,3000,1,1,2
120,q24,일반당,건강라벨 있음,2000,0,1,1
120,q25,일반당,건강라벨 있음,3000,0,1,2
120,q26,무설탕,건강라벨 없음,2000,1,0,2
121,q22,무설탕,건강라벨 있음,2500,1,1,2
121,q23,무설탕,건강라벨 있음,3000,1,1,2
121,q24,일반당,건강라벨 있음,2000,0,1,1
121,q25,일반당,건강라벨 있음,3000,0,1,2
121,q26,일반당,건강라벨 있음,3000,0,1,1
123,q21,무설탕,건강라벨 있음,2500,1,1,1
123,q22,일반당,건강라벨 없음,3000,0,0,1
123,q23,무설탕,건강라벨 없음,2000,1,0,1
123,q24,일반당,건강라벨 있음,2000,0,1,1
123,q25,무설탕,건강라벨 없음,2500,1,0,1
123,q26,일반당,건강라벨 있음,3000,0,1,1
124,q21,일반당,건강라벨 없음,2000,0,0,2
124,q22,무설탕,건강라벨 있음,2500,1,1,2
124,q23,무설탕,건강라벨 없음,2000,1,0,1
124,q24,일반당,건강라벨 있음,2000,0,1,1
124,q25,무설탕,건강라벨 없음,2500,1,0,1
124,q26,무설탕,건강라벨 없음,2000,1,0,2
125,q21,일반당,건강라벨 없음,2000,0,0,2
125,q22,일반당,건강라벨 없음,3000,0,0,1
125,q23,무설탕,건강라벨 있음,3000,1,1,2
125,q24,일반당,건강라벨 있음,2000,0,1,1
125,q25,일반당,건강라벨 있음,3000,0,1,2
125,q26,일반당,건강라벨 있음,3000,0,1,1
126,q21,무설탕,건강라벨 있음,2500,1,1,1
126,q22,무설탕,건강라벨 있음,2500,1,1,2
126,q23,무설탕,건강라벨 없음,2000,1,0,1
126,q24,일반당,건강라벨 있음,2000,0,1,1
126,q25,무설탕,건강라벨 없음,2500,1,0,1
126,q26,일반당,건강라벨 있음,3000,0,1,1
128,q21,무설탕,건강라벨 있음,2500,1,1,1
128,q22,무설탕,건강라벨 있음,2500,1,1,2
128,q23,무설탕,건강라벨 없음,2000,1,0,1
128,q24,일반당,건강라벨 있음,2000,0,1,1
128,q25,무설탕,건강라벨 없음,2500,1,0,1
128,q26,무설탕,건강라벨 없음,2000,1,0,2
129,q21,일반당,건강라벨 없음,2000,0,0,2
129,q22,무설탕,건강라벨 있음,2500,1,1,2
129,q23,무설탕,건강라벨 없음,2000,1,0,1
129,q24,일반당,건강라벨 있음,2000,0,1,1
129,q25,무설탕,건강라벨 없음,2500,1,0,1
129,q26,무설탕,건강라벨 없음,2000,1,0,2
130,q21,무설탕,건강라벨 있음,2500,1,1,1
130,q22,무설탕,건강라벨 있음,2500,1,1,2
130,q23,무설탕,건강라벨 없음,2000,1,0,1
130,q24,일반당,건강라벨 있음,2000,0,1,1
130,q25,무설탕,건강라벨 없음,2500,1,0,1
130,q26,무설탕,건강라벨 없음,2000,1,0,2
131,q21,무설탕,건강라벨 있음,2500,1,1,1
131,q22,무설탕,건강라벨 있음,2500,1,1,2
131,q23,무설탕,건강라벨 없음,2000,1,0,1
131,q24,일반당,건강라벨 있음,2000,0,1,1
131,q25,일반당,건강라벨 있음,3000,0,1,2
131,q26,일반당,건강라벨 있음,3000,0,1,1
133,q21,일반당,건강라벨 없음,2000,0,0,2
133,q22,일반당,건강라벨 없음,3000,0,0,1
133,q23,무설탕,건강라벨 있음,3000,1,1,2
133,q24,일반당,건강라벨 없음,2500,0,0,2
133,q25,무설탕,건강라벨 없음,2500,1,0,1
133,q26,일반당,건강라벨 있음,3000,0,1,1
134,q21,무설탕,건강라벨 있음,2500,1,1,1
134,q22,무설탕,건강라벨 있음,2500,1,1,2
134,q23,무설탕,건강라벨 있음,3000,1,1,2
134,q24,일반당,건강라벨 있음,2000,0,1,1
134,q25,일반당,건강라벨 있음,3000,0,1,2
134,q26,무설탕,건강라벨 없음,2000,1,0,2
135,q21,무설탕,건강라벨 있음,2500,1,1,1
135,q22,무설탕,건강라벨 있음,2500,1,1,2
135,q23,무설탕,건강라벨 없음,2000,1,0,1
135,q25,무설탕,건강라벨 없음,2500,1,0,1
135,q26,무설탕,건강라벨 없음,2000,1,0,2
136,q21,일반당,건강라벨 없음,2000,0,0,2
136,q22,무설탕,건강라벨 있음,2500,1,1,2
136,q23,무설탕,건강라벨 없음,2000,1,0,1
136,q24,일반당,건강라벨 있음,2000,0,1,1
136,q25,무설탕,건강라벨 없음,2500,1,0,1
136,q26,무설탕,건강라벨 없음,2000,1,0,2
137,q21,무설탕,건강라벨 있음,2500,1,1,1
137,q22,일반당,건강라벨 없음,3000,0,0,1
137,q23,무설탕,건강라벨 없음,2000,1,0,1
137,q24,일반당,건강라벨 있음,2000,0,1,1
137,q25,무설탕,건강라벨 없음,2500,1,0,1
137,q26,무설탕,건강라벨 없음,2000,1,0,2
138,q21,무설탕,건강라벨 있음,2500,1,1,1
138,q22,무설탕,건강라벨 있음,2500,1,1,2
138,q23,무설탕,건강라벨 없음,2000,1,0,1
138,q24,일반당,건강라벨 있음,2000,0,1,1
138,q25,무설탕,건강라벨 없음,2500,1,0,1
138,q26,무설탕,건강라벨 없음,2000,1,0,2
139,q21,무설탕,건강라벨 있음,2500,1,1,1
139,q22,무설탕,건강라벨 있음,2500,1,1,2
139,q23,무설탕,건강라벨 없음,2000,1,0,1
139,q24,일반당,건강라벨 있음,2000,0,1,1
139,q25,무설탕,건강라벨 없음,2500,1,0,1
139,q26,무설탕,건강라벨 없음,2000,1,0,2
140,q21,무설탕,건강라벨 있음,2500,1,1,1
140,q22,무설탕,건강라벨 있음,2500,1,1,2
140,q23,무설탕,건강라벨 없음,2000,1,0,1
140,q24,일반당,건강라벨 있음,2000,0,1,1
140,q25,일반당,건강라벨 있음,3000,0,1,2
140,q26,무설탕,건강라벨 없음,2000,1,0,2
141,q21,무설탕,건강라벨 있음,2500,1,1,1
141,q22,무설탕,건강라벨 있음,2500,1,1,2
141,q23,무설탕,건강라벨 없음,2000,1,0,1
141,q24,일반당,건강라벨 있음,2000,0,1,1
141,q25,무설탕,건강라벨 없음,2500,1,0,1
141,q26,무설탕,건강라벨 없음,2000,1,0,2
142,q21,무설탕,건강라벨 있음,2500,1,1,1
142,q22,무설탕,건강라벨 있음,2500,1,1,2
142,q23,무설탕,건강라벨 없음,2000,1,0,1
142,q24,일반당,건강라벨 있음,2000,0,1,1
142,q25,무설탕,건강라벨 없음,2500,1,0,1
142,q26,무설탕,건강라벨 없음,2000,1,0,2
143,q21,무설탕,건강라벨 있음,2500,1,1,1
143,q22,무설탕,건강라벨 있음,2500,1,1,2
143,q23,무설탕,건강라벨 없음,2000,1,0,1
143,q24,일반당,건강라벨 있음,2000,0,1,1
143,q25,무설탕,건강라벨 없음,2500,1,0,1
143,q26,무설탕,건강라벨 없음,2000,1,0,2
144,q24,일반당,건강라벨 있음,2000,0,1,1
144,q25,무설탕,건강라벨 없음,2500,1,0,1
144,q26,무설탕,건강라벨 없음,2000,1,0,2
145,q21,무설탕,건강라벨 있음,2500,1,1,1
145,q22,무설탕,건강라벨 있음,2500,1,1,2
145,q23,무설탕,건강라벨 있음,3000,1,1,2
145,q24,일반당,건강라벨 있음,2000,0,1,1
145,q25,무설탕,건강라벨 없음,2500,1,0,1
145,q26,무설탕,건강라벨 없음,2000,1,0,2
146,q21,무설탕,건강라벨 있음,2500,1,1,1
146,q22,무설탕,건강라벨 있음,2500,1,1,2
146,q23,무설탕,건강라벨 있음,3000,1,1,2
146,q24,일반당,건강라벨 있음,2000,0,1,1
146,q25,무설탕,건강라벨 없음,2500,1,0,1
146,q26,일반당,건강라벨 있음,3000,0,1,1
147,q21,무설탕,건강라벨 있음,2500,1,1,1
147,q22,무설탕,건강라벨 있음,2500,1,1,2
147,q23,무설탕,건강라벨 없음,2000,1,0,1
147,q24,일반당,건강라벨 있음,2000,0,1,1
147,q25,무설탕,건강라벨 없음,2500,1,0,1
147,q26,무설탕,건강라벨 없음,2000,1,0,2
148,q21,무설탕,건강라벨 있음,2500,1,1,1
148,q22,무설탕,건강라벨 있음,2500,1,1,2
148,q23,무설탕,건강라벨 있음,3000,1,1,2
148,q24,일반당,건강라벨 있음,2000,0,1,1
148,q25,무설탕,건강라벨 없음,2500,1,0,1
148,q26,일반당,건강라벨 있음,3000,0,1,1
149,q21,무설탕,건강라벨 있음,2500,1,1,1
149,q22,무설탕,건강라벨 있음,2500,1,1,2
149,q23,무설탕,건강라벨 없음,2000,1,0,1
149,q24,일반당,건강라벨 있음,2000,0,1,1
149,q25,무설탕,건강라벨 없음,2500,1,0,1
149,q26,무설탕,건강라벨 없음,2000,1,0,2
150,q21,무설탕,건강라벨 있음,2500,1,1,1
150,q22,무설탕,건강라벨 있음,2500,1,1,2
150,q23,무설탕,건강라벨 있음,3000,1,1,2
150,q24,일반당,건강라벨 있음,2000,0,1,1
150,q25,무설탕,건강라벨 없음,2500,1,0,1
150,q26,무설탕,건강라벨 없음,2000,1,0,2
151,q21,무설탕,건강라벨 있음,2500,1,1,1
151,q22,일반당,건강라벨 없음,3000,0,0,1
151,q23,무설탕,건강라벨 있음,3000,1,1,2
151,q24,일반당,건강라벨 없음,2500,0,0,2
151,q25,일반당,건강라벨 있음,3000,0,1,2
151,q26,일반당,건강라벨 있음,3000,0,1,1
153,q21,무설탕,건강라벨 있음,2500,1,1,1
153,q22,무설탕,건강라벨 있음,2500,1,1,2
153,q23,무설탕,건강라벨 없음,2000,1,0,1
153,q24,일반당,건강라벨 있음,2000,0,1,1
153,q25,무설탕,건강라벨 없음,2500,1,0,1
153,q26,무설탕,건강라벨 없음,2000,1,0,2
154,q21,무설탕,건강라벨 있음,2500,1,1,1
154,q22,무설탕,건강라벨 있음,2500,1,1,2
154,q23,무설탕,건강라벨 없음,2000,1,0,1
154,q24,일반당,건강라벨 있음,2000,0,1,1
154,q25,무설탕,건강라벨 없음,2500,1,0,1
154,q26,무설탕,건강라벨 없음,2000,1,0,2
155,q21,무설탕,건강라벨 있음,2500,1,1,1
155,q22,무설탕,건강라벨 있음,2500,1,1,2
155,q23,무설탕,건강라벨 있음,3000,1,1,2
155,q24,일반당,건강라벨 있음,2000,0,1,1
155,q25,무설탕,건강라벨 없음,2500,1,0,1
155,q26,무설탕,건강라벨 없음,2000,1,0,2
157,q21,무설탕,건강라벨 있음,2500,1,1,1
157,q22,무설탕,건강라벨 있음,2500,1,1,2
157,q23,무설탕,건강라벨 없음,2000,1,0,1
157,q24,일반당,건강라벨 있음,2000,0,1,1
157,q25,무설탕,건강라벨 없음,2500,1,0,1
158,q21,무설탕,건강라벨 있음,2500,1,1,1
158,q22,무설탕,건강라벨 있음,2500,1,1,2
158,q23,무설탕,건강라벨 없음,2000,1,0,1
158,q24,일반당,건강라벨 있음,2000,0,1,1
159,q21,무설탕,건강라벨 있음,2500,1,1,1
159,q22,무설탕,건강라벨 있음,2500,1,1,2
159,q23,무설탕,건강라벨 있음,3000,1,1,2
160,q21,무설탕,건강라벨 있음,2500,1,1,1
160,q22,무설탕,건강라벨 있음,2500,1,1,2
160,q23,무설탕,건강라벨 있음,3000,1,1,2
160,q24,일반당,건강라벨 있음,2000,0,1,1
160,q25,무설탕,건강라벨 없음,2500,1,0,1
160,q26,무설탕,건강라벨 없음,2000,1,0,2
161,q21,무설탕,건강라벨 있음,2500,1,1,1
161,q22,무설탕,건강라벨 있음,2500,1,1,2
161,q23,무설탕,건강라벨 없음,2000,1,0,1
161,q24,일반당,건강라벨 있음,2000,0,1,1
161,q25,일반당,건강라벨 있음,3000,0,1,2
161,q26,일반당,건강라벨 있음,3000,0,1,1
162,q21,무설탕,건강라벨 있음,2500,1,1,1
162,q22,무설탕,건강라벨 있음,2500,1,1,2
162,q23,무설탕,건강라벨 있음,3000,1,1,2
162,q24,일반당,건강라벨 있음,2000,0,1,1
162,q25,일반당,건강라벨 있음,3000,0,1,2
162,q26,일반당,건강라벨 있음,3000,0,1,1
163,q21,무설탕,건강라벨 있음,2500,1,1,1
163,q22,무설탕,건강라벨 있음,2500,1,1,2
163,q23,무설탕,건강라벨 있음,3000,1,1,2
163,q24,일반당,건강라벨 있음,2000,0,1,1
163,q25,일반당,건강라벨 있음,3000,0,1,2
163,q26,일반당,건강라벨 있음,3000,0,1,1
164,q21,무설탕,건강라벨 있음,2500,1,1,1
164,q22,무설탕,건강라벨 있음,2500,1,1,2
164,q23,무설탕,건강라벨 없음,2000,1,0,1
164,q24,일반당,건강라벨 있음,2000,0,1,1
164,q25,일반당,건강라벨 있음,3000,0,1,2
164,q26,무설탕,건강라벨 없음,2000,1,0,2
165,q21,무설탕,건강라벨 있음,2500,1,1,1
165,q22,무설탕,건강라벨 있음,2500,1,1,2
165,q23,무설탕,건강라벨 없음,2000,1,0,1
165,q24,일반당,건강라벨 있음,2000,0,1,1
165,q25,무설탕,건강라벨 없음,2500,1,0,1
165,q26,무설탕,건강라벨 없음,2000,1,0,2
166,q21,무설탕,건강라벨 있음,2500,1,1,1
166,q22,무설탕,건강라벨 있음,2500,1,1,2
166,q23,무설탕,건강라벨 없음,2000,1,0,1
166,q24,일반당,건강라벨 있음,2000,0,1,1
166,q25,무설탕,건강라벨 없음,2500,1,0,1
166,q26,무설탕,건강라벨 없음,2000,1,0,2
167,q21,일반당,건강라벨 없음,2000,0,0,2
167,q22,무설탕,건강라벨 있음,2500,1,1,2
167,q23,무설탕,건강라벨 없음,2000,1,0,1
167,q24,일반당,건강라벨 있음,2000,0,1,1
167,q25,무설탕,건강라벨 없음,2500,1,0,1
167,q26,무설탕,건강라벨 없음,2000,1,0,2
168,q21,무설탕,건강라벨 있음,2500,1,1,1
168,q22,무설탕,건강라벨 있음,2500,1,1,2
168,q23,무설탕,건강라벨 없음,2000,1,0,1
168,q24,일반당,건강라벨 있음,2000,0,1,1
168,q25,무설탕,건강라벨 없음,2500,1,0,1
168,q26,무설탕,건강라벨 없음,2000,1,0,2
169,q21,무설탕,건강라벨 있음,2500,1,1,1
169,q22,무설탕,건강라벨 있음,2500,1,1,2
169,q23,무설탕,건강라벨 없음,2000,1,0,1
169,q24,일반당,건강라벨 있음,2000,0,1,1
169,q25,무설탕,건강라벨 없음,2500,1,0,1
169,q26,무설탕,건강라벨 없음,2000,1,0,2
170,q21,무설탕,건강라벨 있음,2500,1,1,1
170,q22,무설탕,건강라벨 있음,2500,1,1,2
170,q24,일반당,건강라벨 있음,2000,0,1,1
170,q25,무설탕,건강라벨 없음,2500,1,0,1
171,q21,일반당,건강라벨 없음,2000,0,0,2
171,q22,무설탕,건강라벨 있음,2500,1,1,2
171,q23,무설탕,건강라벨 없음,2000,1,0,1
171,q24,일반당,건강라벨 있음,2000,0,1,1
171,q25,무설탕,건강라벨 없음,2500,1,0,1
171,q26,무설탕,건강라벨 없음,2000,1,0,2
172,q21,무설탕,건강라벨 있음,2500,1,1,1
172,q22,무설탕,건강라벨 있음,2500,1,1,2
172,q23,무설탕,건강라벨 없음,2000,1,0,1
172,q24,일반당,건강라벨 있음,2000,0,1,1
172,q25,무설탕,건강라벨 없음,2500,1,0,1
172,q26,무설탕,건강라벨 없음,2000,1,0,2
174,q21,일반당,건강라벨 없음,2000,0,0,2
174,q22,무설탕,건강라벨 있음,2500,1,1,2
174,q23,무설탕,건강라벨 있음,3000,1,1,2
174,q24,일반당,건강라벨 있음,2000,0,1,1
174,q25,일반당,건강라벨 있음,3000,0,1,2
174,q26,일반당,건강라벨 있음,3000,0,1,1
175,q21,무설탕,건강라벨 있음,2500,1,1,1
175,q22,무설탕,건강라벨 있음,2500,1,1,2
175,q23,무설탕,건강라벨 있음,3000,1,1,2
175,q24,일반당,건강라벨 있음,2000,0,1,1
175,q25,일반당,건강라벨 있음,3000,0,1,2
175,q26,일반당,건강라벨 있음,3000,0,1,1
177,q21,무설탕,건강라벨 있음,2500,1,1,1
177,q22,무설탕,건강라벨 있음,2500,1,1,2
177,q23,무설탕,건강라벨 없음,2000,1,0,1
177,q24,일반당,건강라벨 있음,2000,0,1,1
177,q25,무설탕,건강라벨 없음,2500,1,0,1
177,q26,무설탕,건강라벨 없음,2000,1,0,2
179,q21,무설탕,건강라벨 있음,2500,1,1,1
179,q22,무설탕,건강라벨 있음,2500,1,1,2
179,q23,무설탕,건강라벨 있음,3000,1,1,2
179,q24,일반당,건강라벨 있음,2000,0,1,1
179,q25,무설탕,건강라벨 없음,2500,1,0,1
179,q26,무설탕,건강라벨 없음,2000,1,0,2
180,q21,일반당,건강라벨 없음,2000,0,0,2
180,q22,무설탕,건강라벨 있음,2500,1,1,2
180,q23,무설탕,건강라벨 없음,2000,1,0,1
180,q24,일반당,건강라벨 있음,2000,0,1,1
180,q25,무설탕,건강라벨 없음,2500,1,0,1
180,q26,무설탕,건강라벨 없음,2000,1,0,2
181,q21,무설탕,건강라벨 있음,2500,1,1,1
181,q22,무설탕,건강라벨 있음,2500,1,1,2
181,q23,무설탕,건강라벨 있음,3000,1,1,2
181,q24,일반당,건강라벨 있음,2000,0,1,1
181,q25,무설탕,건강라벨 없음,2500,1,0,1
181,q26,무설탕,건강라벨 없음,2000,1,0,2
182,q21,무설탕,건강라벨 있음,2500,1,1,1
182,q22,무설탕,건강라벨 있음,2500,1,1,2
182,q23,무설탕,건강라벨 없음,2000,1,0,1
182,q24,일반당,건강라벨 있음,2000,0,1,1
182,q25,무설탕,건강라벨 없음,2500,1,0,1
182,q26,무설탕,건강라벨 없음,2000,1,0,2
183,q21,무설탕,건강라벨 있음,2500,1,1,1
183,q22,무설탕,건강라벨 있음,2500,1,1,2
183,q23,무설탕,건강라벨 없음,2000,1,0,1
183,q24,일반당,건강라벨 있음,2000,0,1,1
183,q25,무설탕,건강라벨 없음,2500,1,0,1
183,q26,무설탕,건강라벨 없음,2000,1,0,2
184,q21,무설탕,건강라벨 있음,2500,1,1,1
184,q22,일반당,건강라벨 없음,3000,0,0,1
184,q23,무설탕,건강라벨 있음,3000,1,1,2
184,q24,일반당,건강라벨 있음,2000,0,1,1
184,q25,무설탕,건강라벨 없음,2500,1,0,1
184,q26,무설탕,건강라벨 없음,2000,1,0,2
185,q21,무설탕,건강라벨 있음,2500,1,1,1
185,q22,무설탕,건강라벨 있음,2500,1,1,2
185,q23,무설탕,건강라벨 있음,3000,1,1,2
185,q24,일반당,건강라벨 있음,2000,0,1,1
185,q25,무설탕,건강라벨 없음,2500,1,0,1
185,q26,무설탕,건강라벨 없음,2000,1,0,2
187,q21,무설탕,건강라벨 있음,2500,1,1,1
187,q22,무설탕,건강라벨 있음,2500,1,1,2
187,q23,무설탕,건강라벨 있음,3000,1,1,2
187,q25,무설탕,건강라벨 없음,2500,1,0,1
187,q26,무설탕,건강라벨 없음,2000,1,0,2
188,q26,무설탕,건강라벨 없음,2000,1,0,2
189,q21,무설탕,건강라벨 있음,2500,1,1,1
189,q22,무설탕,건강라벨 있음,2500,1,1,2
189,q23,무설탕,건강라벨 있음,3000,1,1,2
189,q24,일반당,건강라벨 있음,2000,0,1,1
189,q25,무설탕,건강라벨 없음,2500,1,0,1
189,q26,무설탕,건강라벨 없음,2000,1,0,2
190,q21,무설탕,건강라벨 있음,2500,1,1,1
190,q22,무설탕,건강라벨 있음,2500,1,1,2
190,q23,무설탕,건강라벨 없음,2000,1,0,1
190,q24,일반당,건강라벨 없음,2500,0,0,2
190,q25,무설탕,건강라벨 없음,2500,1,0,1
190,q26,무설탕,건강라벨 없음,2000,1,0,2
191,q21,무설탕,건강라벨 있음,2500,1,1,1
191,q22,무설탕,건강라벨 있음,2500,1,1,2
191,q23,무설탕,건강라벨 없음,2000,1,0,1
191,q24,일반당,건강라벨 있음,2000,0,1,1
191,q25,무설탕,건강라벨 없음,2500,1,0,1
191,q26,무설탕,건강라벨 없음,2000,1,0,2
192,q21,무설탕,건강라벨 있음,2500,1,1,1
192,q22,무설탕,건강라벨 있음,2500,1,1,2
192,q23,무설탕,건강라벨 있음,3000,1,1,2
192,q24,일반당,건강라벨 있음,2000,0,1,1
192,q25,일반당,건강라벨 있음,3000,0,1,2
192,q26,무설탕,건강라벨 없음,2000,1,0,2
193,q21,무설탕,건강라벨 있음,2500,1,1,1
193,q22,무설탕,건강라벨 있음,2500,1,1,2
193,q23,무설탕,건강라벨 없음,2000,1,0,1
193,q24,일반당,건강라벨 있음,2000,0,1,1
193,q25,무설탕,건강라벨 없음,2500,1,0,1
193,q26,무설탕,건강라벨 없음,2000,1,0,2
194,q21,무설탕,건강라벨 있음,2500,1,1,1
194,q22,무설탕,건강라벨 있음,2500,1,1,2
194,q23,무설탕,건강라벨 없음,2000,1,0,1
194,q24,일반당,건강라벨 있음,2000,0,1,1
194,q25,무설탕,건강라벨 없음,2500,1,0,1
195,q21,일반당,건강라벨 없음,2000,0,0,2
195,q22,일반당,건강라벨 없음,3000,0,0,1
195,q23,무설탕,건강라벨 없음,2000,1,0,1
195,q24,일반당,건강라벨 있음,2000,0,1,1
195,q25,무설탕,건강라벨 없음,2500,1,0,1
195,q26,무설탕,건강라벨 없음,2000,1,0,2
196,q23,무설탕,건강라벨 없음,2000,1,0,1
196,q24,일반당,건강라벨 있음,2000,0,1,1
196,q25,무설탕,건강라벨 없음,2500,1,0,1
196,q26,무설탕,건강라벨 없음,2000,1,0,2
198,q21,일반당,건강라벨 없음,2000,0,0,2
198,q22,무설탕,건강라벨 있음,2500,1,1,2
198,q23,무설탕,건강라벨 없음,2000,1,0,1
198,q24,일반당,건강라벨 있음,2000,0,1,1
198,q25,무설탕,건강라벨 없음,2500,1,0,1
198,q26,무설탕,건강라벨 없음,2000,1,0,2
199,q21,일반당,건강라벨 없음,2000,0,0,2
199,q22,무설탕,건강라벨 있음,2500,1,1,2
199,q23,무설탕,건강라벨 없음,2000,1,0,1
199,q24,일반당,건강라벨 있음,2000,0,1,1
199,q25,무설탕,건강라벨 없음,2500,1,0,1
199,q26,무설탕,건강라벨 없음,2000,1,0,2
200,q21,무설탕,건강라벨 있음,2500,1,1,1
200,q22,무설탕,건강라벨 있음,2500,1,1,2
200,q23,무설탕,건강라벨 있음,3000,1,1,2
200,q24,일반당,건강라벨 있음,2000,0,1,1
200,q25,일반당,건강라벨 있음,3000,0,1,2
200,q26,일반당,건강라벨 있음,3000,0,1,1
201,q21,일반당,건강라벨 없음,2000,0,0,2
201,q22,무설탕,건강라벨 있음,2500,1,1,2
201,q23,무설탕,건강라벨 있음,3000,1,1,2
201,q24,일반당,건강라벨 없음,2500,0,0,2
201,q25,일반당,건강라벨 있음,3000,0,1,2
201,q26,일반당,건강라벨 있음,3000,0,1,1
202,q21,무설탕,건강라벨 있음,2500,1,1,1
202,q22,무설탕,건강라벨 있음,2500,1,1,2
202,q23,무설탕,건강라벨 있음,3000,1,1,2
202,q24,일반당,건강라벨 있음,2000,0,1,1
202,q25,일반당,건강라벨 있음,3000,0,1,2
202,q26,무설탕,건강라벨 없음,2000,1,0,2
203,q21,무설탕,건강라벨 있음,2500,1,1,1
203,q22,무설탕,건강라벨 있음,2500,1,1,2
203,q23,무설탕,건강라벨 없음,2000,1,0,1
203,q24,일반당,건강라벨 있음,2000,0,1,1
203,q25,무설탕,건강라벨 없음,2500,1,0,1
203,q26,무설탕,건강라벨 없음,2000,1,0,2
204,q21,무설탕,건강라벨 있음,2500,1,1,1
204,q22,무설탕,건강라벨 있음,2500,1,1,2
204,q23,무설탕,건강라벨 없음,2000,1,0,1
204,q24,일반당,건강라벨 있음,2000,0,1,1
204,q25,무설탕,건강라벨 없음,2500,1,0,1
204,q26,무설탕,건강라벨 없음,2000,1,0,2
205,q21,무설탕,건강라벨 있음,2500,1,1,1
205,q22,무설탕,건강라벨 있음,2500,1,1,2
205,q23,무설탕,건강라벨 없음,2000,1,0,1
205,q25,무설탕,건강라벨 없음,2500,1,0,1
205,q26,무설탕,건강라벨 없음,2000,1,0,2
206,q21,무설탕,건강라벨 있음,2500,1,1,1
206,q22,무설탕,건강라벨 있음,2500,1,1,2
206,q23,무설탕,건강라벨 없음,2000,1,0,1
206,q24,일반당,건강라벨 있음,2000,0,1,1
206,q25,무설탕,건강라벨 없음,2500,1,0,1
206,q26,무설탕,건강라벨 없음,2000,1,0,2
207,q21,일반당,건강라벨 없음,2000,0,0,2
207,q22,무설탕,건강라벨 있음,2500,1,1,2
207,q23,무설탕,건강라벨 없음,2000,1,0,1
207,q24,일반당,건강라벨 있음,2000,0,1,1
207,q26,무설탕,건강라벨 없음,2000,1,0,2
208,q21,무설탕,건강라벨 있음,2500,1,1,1
208,q22,무설탕,건강라벨 있음,2500,1,1,2
208,q23,무설탕,건강라벨 없음,2000,1,0,1
208,q24,일반당,건강라벨 있음,2000,0,1,1
208,q25,무설탕,건강라벨 없음,2500,1,0,1
208,q26,무설탕,건강라벨 없음,2000,1,0,2
209,q21,무설탕,건강라벨 있음,2500,1,1,1
209,q22,무설탕,건강라벨 있음,2500,1,1,2
209,q23,무설탕,건강라벨 없음,2000,1,0,1
209,q24,일반당,건강라벨 있음,2000,0,1,1
209,q25,무설탕,건강라벨 없음,2500,1,0,1
209,q26,무설탕,건강라벨 없음,2000,1,0,2
210,q21,무설탕,건강라벨 있음,2500,1,1,1
210,q22,무설탕,건강라벨 있음,2500,1,1,2
210,q23,무설탕,건강라벨 없음,2000,1,0,1
210,q24,일반당,건강라벨 있음,2000,0,1,1
210,q25,무설탕,건강라벨 없음,2500,1,0,1
210,q26,일반당,건강라벨 있음,3000,0,1,1
211,q21,무설탕,건강라벨 있음,2500,1,1,1
211,q22,무설탕,건강라벨 있음,2500,1,1,2
211,q23,무설탕,건강라벨 있음,3000,1,1,2
211,q24,일반당,건강라벨 있음,2000,0,1,1
211,q25,무설탕,건강라벨 없음,2500,1,0,1
211,q26,무설탕,건강라벨 없음,2000,1,0,2
212,q21,무설탕,건강라벨 있음,2500,1,1,1
212,q22,일반당,건강라벨 없음,3000,0,0,1
212,q23,무설탕,건강라벨 있음,3000,1,1,2
212,q24,일반당,건강라벨 없음,2500,0,0,2
212,q25,일반당,건강라벨 있음,3000,0,1,2
212,q26,일반당,건강라벨 있음,3000,0,1,1
213,q21,무설탕,건강라벨 있음,2500,1,1,1
213,q22,무설탕,건강라벨 있음,2500,1,1,2
213,q23,무설탕,건강라벨 있음,3000,1,1,2
213,q24,일반당,건강라벨 있음,2000,0,1,1
213,q25,무설탕,건강라벨 없음,2500,1,0,1
213,q26,무설탕,건강라벨 없음,2000,1,0,2
215,q21,일반당,건강라벨 없음,2000,0,0,2
215,q22,일반당,건강라벨 없음,3000,0,0,1
215,q23,무설탕,건강라벨 없음,2000,1,0,1
215,q24,일반당,건강라벨 있음,2000,0,1,1
215,q25,무설탕,건강라벨 없음,2500,1,0,1
215,q26,무설탕,건강라벨 없음,2000,1,0,2
217,q26,무설탕,건강라벨 없음,2000,1,0,2
218,q21,일반당,건강라벨 없음,2000,0,0,2
218,q22,무설탕,건강라벨 있음,2500,1,1,2
218,q23,무설탕,건강라벨 있음,3000,1,1,2
218,q24,일반당,건강라벨 있음,2000,0,1,1
218,q25,일반당,건강라벨 있음,3000,0,1,2
218,q26,일반당,건강라벨 있음,3000,0,1,1
219,q21,무설탕,건강라벨 있음,2500,1,1,1
219,q22,무설탕,건강라벨 있음,2500,1,1,2
219,q23,무설탕,건강라벨 있음,3000,1,1,2
219,q24,일반당,건강라벨 있음,2000,0,1,1
219,q25,일반당,건강라벨 있음,3000,0,1,2
219,q26,일반당,건강라벨 있음,3000,0,1,1
220,q21,무설탕,건강라벨 있음,2500,1,1,1
220,q22,무설탕,건강라벨 있음,2500,1,1,2
220,q23,무설탕,건강라벨 있음,3000,1,1,2
220,q24,일반당,건강라벨 있음,2000,0,1,1
220,q25,무설탕,건강라벨 없음,2500,1,0,1
220,q26,무설탕,건강라벨 없음,2000,1,0,2
223,q21,무설탕,건강라벨 있음,2500,1,1,1
223,q22,무설탕,건강라벨 있음,2500,1,1,2
223,q23,무설탕,건강라벨 없음,2000,1,0,1
223,q24,일반당,건강라벨 있음,2000,0,1,1
223,q25,무설탕,건강라벨 없음,2500,1,0,1
223,q26,무설탕,건강라벨 없음,2000,1,0,2
224,q21,무설탕,건강라벨 있음,2500,1,1,1
224,q22,무설탕,건강라벨 있음,2500,1,1,2
224,q23,무설탕,건강라벨 없음,2000,1,0,1
224,q24,일반당,건강라벨 있음,2000,0,1,1
224,q25,무설탕,건강라벨 없음,2500,1,0,1
224,q26,일반당,건강라벨 있음,3000,0,1,1
225,q21,무설탕,건강라벨 있음,2500,1,1,1
225,q22,무설탕,건강라벨 있음,2500,1,1,2
225,q23,무설탕,건강라벨 없음,2000,1,0,1
225,q24,일반당,건강라벨 있음,2000,0,1,1
225,q25,무설탕,건강라벨 없음,2500,1,0,1
225,q26,무설탕,건강라벨 없음,2000,1,0,2
227,q21,일반당,건강라벨 없음,2000,0,0,2
227,q22,무설탕,건강라벨 있음,2500,1,1,2
227,q23,무설탕,건강라벨 없음,2000,1,0,1
227,q24,일반당,건강라벨 있음,2000,0,1,1
227,q25,무설탕,건강라벨 없음,2500,1,0,1
227,q26,무설탕,건강라벨 없음,2000,1,0,2
228,q21,무설탕,건강라벨 있음,2500,1,1,1
228,q22,무설탕,건강라벨 있음,2500,1,1,2
228,q23,무설탕,건강라벨 있음,3000,1,1,2
228,q24,일반당,건강라벨 있음,2000,0,1,1
228,q25,일반당,건강라벨 있음,3000,0,1,2
228,q26,일반당,건강라벨 있음,3000,0,1,1
229,q21,일반당,건강라벨 없음,2000,0,0,2
229,q22,무설탕,건강라벨 있음,2500,1,1,2
229,q23,무설탕,건강라벨 없음,2000,1,0,1
229,q24,일반당,건강라벨 있음,2000,0,1,1
229,q25,무설탕,건강라벨 없음,2500,1,0,1
229,q26,무설탕,건강라벨 없음,2000,1,0,2
230,q21,무설탕,건강라벨 있음,2500,1,1,1
230,q22,일반당,건강라벨 없음,3000,0,0,1
230,q23,무설탕,건강라벨 없음,2000,1,0,1
230,q24,일반당,건강라벨 있음,2000,0,1,1
230,q25,무설탕,건강라벨 없음,2500,1,0,1
230,q26,무설탕,건강라벨 없음,2000,1,0,2
231,q21,무설탕,건강라벨 있음,2500,1,1,1
231,q22,무설탕,건강라벨 있음,2500,1,1,2
231,q23,무설탕,건강라벨 있음,3000,1,1,2
231,q24,일반당,건강라벨 있음,2000,0,1,1
231,q25,무설탕,건강라벨 없음,2500,1,0,1
231,q26,일반당,건강라벨 있음,3000,0,1,1
232,q21,무설탕,건강라벨 있음,2500,1,1,1
232,q22,무설탕,건강라벨 있음,2500,1,1,2
232,q23,무설탕,건강라벨 없음,2000,1,0,1
232,q25,무설탕,건강라벨 없음,2500,1,0,1
232,q26,무설탕,건강라벨 없음,2000,1,0,2
233,q21,일반당,건강라벨 없음,2000,0,0,2
233,q22,무설탕,건강라벨 있음,2500,1,1,2
233,q23,무설탕,건강라벨 없음,2000,1,0,1
233,q24,일반당,건강라벨 있음,2000,0,1,1
233,q25,무설탕,건강라벨 없음,2500,1,0,1
233,q26,무설탕,건강라벨 없음,2000,1,0,2
234,q21,무설탕,건강라벨 있음,2500,1,1,1
234,q22,무설탕,건강라벨 있음,2500,1,1,2
234,q23,무설탕,건강라벨 없음,2000,1,0,1
234,q24,일반당,건강라벨 있음,2000,0,1,1
234,q25,무설탕,건강라벨 없음,2500,1,0,1
234,q26,무설탕,건강라벨 없음,2000,1,0,2
235,q21,무설탕,건강라벨 있음,2500,1,1,1
235,q22,무설탕,건강라벨 있음,2500,1,1,2
235,q23,무설탕,건강라벨 없음,2000,1,0,1
235,q24,일반당,건강라벨 있음,2000,0,1,1
235,q25,무설탕,건강라벨 없음,2500,1,0,1
235,q26,무설탕,건강라벨 없음,2000,1,0,2
236,q21,무설탕,건강라벨 있음,2500,1,1,1
236,q22,일반당,건강라벨 없음,3000,0,0,1
236,q23,무설탕,건강라벨 없음,2000,1,0,1
236,q24,일반당,건강라벨 없음,2500,0,0,2
236,q25,무설탕,건강라벨 없음,2500,1,0,1
236,q26,일반당,건강라벨 있음,3000,0,1,1
237,q21,무설탕,건강라벨 있음,2500,1,1,1
237,q22,무설탕,건강라벨 있음,2500,1,1,2
237,q23,무설탕,건강라벨 있음,3000,1,1,2
237,q24,일반당,건강라벨 있음,2000,0,1,1
237,q25,무설탕,건강라벨 없음,2500,1,0,1
237,q26,일반당,건강라벨 있음,3000,0,1,1
238,q21,무설탕,건강라벨 있음,2500,1,1,1
238,q22,무설탕,건강라벨 있음,2500,1,1,2
238,q23,무설탕,건강라벨 있음,3000,1,1,2
238,q24,일반당,건강라벨 있음,2000,0,1,1
238,q25,무설탕,건강라벨 없음,2500,1,0,1
238,q26,무설탕,건강라벨 없음,2000,1,0,2
239,q21,무설탕,건강라벨 있음,2500,1,1,1
239,q22,무설탕,건강라벨 있음,2500,1,1,2
239,q23,무설탕,건강라벨 있음,3000,1,1,2
239,q24,일반당,건강라벨 있음,2000,0,1,1
239,q26,무설탕,건강라벨 없음,2000,1,0,2
241,q21,무설탕,건강라벨 있음,2500,1,1,1
241,q22,무설탕,건강라벨 있음,2500,1,1,2
241,q23,무설탕,건강라벨 있음,3000,1,1,2
241,q24,일반당,건강라벨 있음,2000,0,1,1
241,q25,무설탕,건강라벨 없음,2500,1,0,1
241,q26,무설탕,건강라벨 없음,2000,1,0,2
242,q21,무설탕,건강라벨 있음,2500,1,1,1
242,q22,무설탕,건강라벨 있음,2500,1,1,2
242,q23,무설탕,건강라벨 없음,2000,1,0,1
242,q24,일반당,건강라벨 있음,2000,0,1,1
242,q25,무설탕,건강라벨 없음,2500,1,0,1
242,q26,무설탕,건강라벨 없음,2000,1,0,2
243,q21,일반당,건강라벨 없음,2000,0,0,2
243,q22,무설탕,건강라벨 있음,2500,1,1,2
243,q23,무설탕,건강라벨 없음,2000,1,0,1
243,q24,일반당,건강라벨 있음,2000,0,1,1
243,q25,일반당,건강라벨 있음,3000,0,1,2
243,q26,무설탕,건강라벨 없음,2000,1,0,2
245,q21,일반당,건강라벨 없음,2000,0,0,2
245,q22,무설탕,건강라벨 있음,2500,1,1,2
245,q23,무설탕,건강라벨 없음,2000,1,0,1
245,q24,일반당,건강라벨 있음,2000,0,1,1
245,q25,무설탕,건강라벨 없음,2500,1,0,1
245,q26,무설탕,건강라벨 없음,2000,1,0,2
246,q21,무설탕,건강라벨 있음,2500,1,1,1
246,q22,무설탕,건강라벨 있음,2500,1,1,2
246,q23,무설탕,건강라벨 있음,3000,1,1,2
246,q24,일반당,건강라벨 있음,2000,0,1,1
246,q25,무설탕,건강라벨 없음,2500,1,0,1
246,q26,무설탕,건강라벨 없음,2000,1,0,2
247,q21,무설탕,건강라벨 있음,2500,1,1,1
247,q22,무설탕,건강라벨 있음,2500,1,1,2
247,q23,무설탕,건강라벨 없음,2000,1,0,1
247,q24,일반당,건강라벨 있음,2000,0,1,1
247,q25,무설탕,건강라벨 없음,2500,1,0,1
247,q26,무설탕,건강라벨 없음,2000,1,0,2
248,q21,무설탕,건강라벨 있음,2500,1,1,1
248,q22,무설탕,건강라벨 있음,2500,1,1,2
248,q25,무설탕,건강라벨 없음,2500,1,0,1
248,q26,무설탕,건강라벨 없음,2000,1,0,2
249,q21,무설탕,건강라벨 있음,2500,1,1,1
249,q22,무설탕,건강라벨 있음,2500,1,1,2
249,q23,무설탕,건강라벨 있음,3000,1,1,2
249,q24,일반당,건강라벨 있음,2000,0,1,1
249,q25,일반당,건강라벨 있음,3000,0,1,2
249,q26,일반당,건강라벨 있음,3000,0,1,1
250,q21,무설탕,건강라벨 있음,2500,1,1,1
250,q22,무설탕,건강라벨 있음,2500,1,1,2
250,q23,무설탕,건강라벨 있음,3000,1,1,2
250,q24,일반당,건강라벨 있음,2000,0,1,1
250,q25,일반당,건강라벨 있음,3000,0,1,2
250,q26,일반당,건강라벨 있음,3000,0,1,1
251,q21,무설탕,건강라벨 있음,2500,1,1,1
251,q22,무설탕,건강라벨 있음,2500,1,1,2
251,q23,무설탕,건강라벨 있음,3000,1,1,2
251,q24,일반당,건강라벨 있음,2000,0,1,1
251,q25,일반당,건강라벨 있음,3000,0,1,2
251,q26,일반당,건강라벨 있음,3000,0,1,1
252,q21,일반당,건강라벨 없음,2000,0,0,2
252,q22,일반당,건강라벨 없음,3000,0,0,1
252,q24,일반당,건강라벨 있음,2000,0,1,1
252,q25,일반당,건강라벨 있음,3000,0,1,2
252,q26,일반당,건강라벨 있음,3000,0,1,1
253,q21,일반당,건강라벨 없음,2000,0,0,2
253,q22,무설탕,건강라벨 있음,2500,1,1,2
253,q23,무설탕,건강라벨 없음,2000,1,0,1
253,q24,일반당,건강라벨 있음,2000,0,1,1
253,q25,무설탕,건강라벨 없음,2500,1,0,1
253,q26,일반당,건강라벨 있음,3000,0,1,1
254,q21,무설탕,건강라벨 있음,2500,1,1,1
254,q22,무설탕,건강라벨 있음,2500,1,1,2
254,q23,무설탕,건강라벨 없음,2000,1,0,1
254,q24,일반당,건강라벨 있음,2000,0,1,1
254,q25,무설탕,건강라벨 없음,2500,1,0,1
254,q26,무설탕,건강라벨 없음,2000,1,0,2
256,q21,무설탕,건강라벨 있음,2500,1,1,1
256,q22,무설탕,건강라벨 있음,2500,1,1,2
256,q23,무설탕,건강라벨 없음,2000,1,0,1
256,q24,일반당,건강라벨 있음,2000,0,1,1
256,q25,무설탕,건강라벨 없음,2500,1,0,1
256,q26,무설탕,건강라벨 없음,2000,1,0,2
257,q21,일반당,건강라벨 없음,2000,0,0,2
257,q22,무설탕,건강라벨 있음,2500,1,1,2
257,q23,무설탕,건강라벨 없음,2000,1,0,1
257,q24,일반당,건강라벨 있음,2000,0,1,1
257,q25,무설탕,건강라벨 없음,2500,1,0,1
257,q26,무설탕,건강라벨 없음,2000,1,0,2
258,q21,무설탕,건강라벨 있음,2500,1,1,1
258,q22,무설탕,건강라벨 있음,2500,1,1,2
258,q23,무설탕,건강라벨 없음,2000,1,0,1
258,q24,일반당,건강라벨 있음,2000,0,1,1
258,q25,일반당,건강라벨 있음,3000,0,1,2
258,q26,일반당,건강라벨 있음,3000,0,1,1
260,q21,무설탕,건강라벨 있음,2500,1,1,1
260,q22,무설탕,건강라벨 있음,2500,1,1,2
260,q23,무설탕,건강라벨 있음,3000,1,1,2
260,q24,일반당,건강라벨 있음,2000,0,1,1
260,q25,무설탕,건강라벨 없음,2500,1,0,1
260,q26,일반당,건강라벨 있음,3000,0,1,1
261,q21,일반당,건강라벨 없음,2000,0,0,2
261,q22,무설탕,건강라벨 있음,2500,1,1,2
261,q23,무설탕,건강라벨 없음,2000,1,0,1
261,q24,일반당,건강라벨 있음,2000,0,1,1
261,q25,무설탕,건강라벨 없음,2500,1,0,1
261,q26,무설탕,건강라벨 없음,2000,1,0,2
262,q21,무설탕,건강라벨 있음,2500,1,1,1
262,q22,무설탕,건강라벨 있음,2500,1,1,2
262,q23,무설탕,건강라벨 있음,3000,1,1,2
262,q25,무설탕,건강라벨 없음,2500,1,0,1
262,q26,무설탕,건강라벨 없음,2000,1,0,2
263,q22,무설탕,건강라벨 있음,2500,1,1,2
263,q23,무설탕,건강라벨 없음,2000,1,0,1
263,q24,일반당,건강라벨 있음,2000,0,1,1
263,q25,무설탕,건강라벨 없음,2500,1,0,1
263,q26,무설탕,건강라벨 없음,2000,1,0,2
264,q21,무설탕,건강라벨 있음,2500,1,1,1
264,q22,무설탕,건강라벨 있음,2500,1,1,2
264,q23,무설탕,건강라벨 없음,2000,1,0,1
264,q24,일반당,건강라벨 있음,2000,0,1,1
264,q25,무설탕,건강라벨 없음,2500,1,0,1
264,q26,무설탕,건강라벨 없음,2000,1,0,2
265,q21,무설탕,건강라벨 있음,2500,1,1,1
265,q22,무설탕,건강라벨 있음,2500,1,1,2
265,q23,무설탕,건강라벨 없음,2000,1,0,1
265,q24,일반당,건강라벨 있음,2000,0,1,1
265,q25,일반당,건강라벨 있음,3000,0,1,2
265,q26,무설탕,건강라벨 없음,2000,1,0,2
266,q21,무설탕,건강라벨 있음,2500,1,1,1
266,q22,무설탕,건강라벨 있음,2500,1,1,2
266,q23,무설탕,건강라벨 없음,2000,1,0,1
266,q25,무설탕,건강라벨 없음,2500,1,0,1
266,q26,무설탕,건강라벨 없음,2000,1,0,2
268,q21,무설탕,건강라벨 있음,2500,1,1,1
268,q22,무설탕,건강라벨 있음,2500,1,1,2
268,q23,무설탕,건강라벨 있음,3000,1,1,2
268,q24,일반당,건강라벨 있음,2000,0,1,1
268,q25,무설탕,건강라벨 없음,2500,1,0,1
268,q26,무설탕,건강라벨 없음,2000,1,0,2
269,q21,일반당,건강라벨 없음,2000,0,0,2
269,q22,무설탕,건강라벨 있음,2500,1,1,2
269,q23,무설탕,건강라벨 없음,2000,1,0,1
269,q24,일반당,건강라벨 있음,2000,0,1,1
269,q25,무설탕,건강라벨 없음,2500,1,0,1
269,q26,무설탕,건강라벨 없음,2000,1,0,2
270,q21,무설탕,건강라벨 있음,2500,1,1,1
270,q22,무설탕,건강라벨 있음,2500,1,1,2
270,q23,무설탕,건강라벨 있음,3000,1,1,2
270,q25,무설탕,건강라벨 없음,2500,1,0,1
270,q26,무설탕,건강라벨 없음,2000,1,0,2
271,q21,무설탕,건강라벨 있음,2500,1,1,1
271,q22,무설탕,건강라벨 있음,2500,1,1,2
271,q23,무설탕,건강라벨 있음,3000,1,1,2
271,q24,일반당,건강라벨 있음,2000,0,1,1
271,q25,일반당,건강라벨 있음,3000,0,1,2
271,q26,무설탕,건강라벨 없음,2000,1,0,2
272,q21,무설탕,건강라벨 있음,2500,1,1,1
272,q22,무설탕,건강라벨 있음,2500,1,1,2
272,q23,무설탕,건강라벨 없음,2000,1,0,1
272,q24,일반당,건강라벨 있음,2000,0,1,1
272,q25,일반당,건강라벨 있음,3000,0,1,2
272,q26,일반당,건강라벨 있음,3000,0,1,1
273,q21,무설탕,건강라벨 있음,2500,1,1,1
273,q22,무설탕,건강라벨 있음,2500,1,1,2
273,q23,무설탕,건강라벨 없음,2000,1,0,1
273,q24,일반당,건강라벨 있음,2000,0,1,1
273,q25,무설탕,건강라벨 없음,2500,1,0,1
273,q26,무설탕,건강라벨 없음,2000,1,0,2
403,q21,무설탕,건강라벨 있음,2500,1,1,1
403,q22,무설탕,건강라벨 있음,2500,1,1,2
403,q23,무설탕,건강라벨 있음,3000,1,1,2
403,q24,일반당,건강라벨 있음,2000,0,1,1
403,q25,무설탕,건강라벨 없음,2500,1,0,1
403,q26,무설탕,건강라벨 없음,2000,1,0,2
274,q21,무설탕,건강라벨 있음,2500,1,1,1
274,q22,무설탕,건강라벨 있음,2500,1,1,2
274,q23,무설탕,건강라벨 있음,3000,1,1,2
274,q24,일반당,건강라벨 있음,2000,0,1,1
274,q25,무설탕,건강라벨 없음,2500,1,0,1
274,q26,무설탕,건강라벨 없음,2000,1,0,2
275,q21,무설탕,건강라벨 있음,2500,1,1,1
275,q22,무설탕,건강라벨 있음,2500,1,1,2
275,q23,무설탕,건강라벨 있음,3000,1,1,2
275,q24,일반당,건강라벨 있음,2000,0,1,1
275,q25,일반당,건강라벨 있음,3000,0,1,2
275,q26,일반당,건강라벨 있음,3000,0,1,1
276,q21,일반당,건강라벨 없음,2000,0,0,2
276,q22,무설탕,건강라벨 있음,2500,1,1,2
276,q23,무설탕,건강라벨 없음,2000,1,0,1
276,q24,일반당,건강라벨 있음,2000,0,1,1
276,q25,무설탕,건강라벨 없음,2500,1,0,1
276,q26,무설탕,건강라벨 없음,2000,1,0,2
277,q21,무설탕,건강라벨 있음,2500,1,1,1
277,q22,무설탕,건강라벨 있음,2500,1,1,2
277,q23,무설탕,건강라벨 있음,3000,1,1,2
278,q21,무설탕,건강라벨 있음,2500,1,1,1
278,q22,무설탕,건강라벨 있음,2500,1,1,2
278,q23,무설탕,건강라벨 있음,3000,1,1,2
278,q24,일반당,건강라벨 있음,2000,0,1,1
278,q25,일반당,건강라벨 있음,3000,0,1,2
278,q26,일반당,건강라벨 있음,3000,0,1,1
279,q21,무설탕,건강라벨 있음,2500,1,1,1
279,q22,무설탕,건강라벨 있음,2500,1,1,2
279,q23,무설탕,건강라벨 있음,3000,1,1,2
279,q24,일반당,건강라벨 있음,2000,0,1,1
279,q25,무설탕,건강라벨 없음,2500,1,0,1
279,q26,무설탕,건강라벨 없음,2000,1,0,2
280,q21,일반당,건강라벨 없음,2000,0,0,2
280,q22,무설탕,건강라벨 있음,2500,1,1,2
280,q23,무설탕,건강라벨 있음,3000,1,1,2
280,q24,일반당,건강라벨 있음,2000,0,1,1
280,q25,일반당,건강라벨 있음,3000,0,1,2
280,q26,일반당,건강라벨 있음,3000,0,1,1
282,q21,무설탕,건강라벨 있음,2500,1,1,1
282,q22,무설탕,건강라벨 있음,2500,1,1,2
282,q23,무설탕,건강라벨 있음,3000,1,1,2
282,q24,일반당,건강라벨 있음,2000,0,1,1
282,q25,일반당,건강라벨 있음,3000,0,1,2
282,q26,일반당,건강라벨 있음,3000,0,1,1
284,q21,무설탕,건강라벨 있음,2500,1,1,1
284,q22,무설탕,건강라벨 있음,2500,1,1,2
284,q23,무설탕,건강라벨 있음,3000,1,1,2
284,q24,일반당,건강라벨 있음,2000,0,1,1
284,q25,무설탕,건강라벨 없음,2500,1,0,1
284,q26,무설탕,건강라벨 없음,2000,1,0,2
286,q21,무설탕,건강라벨 있음,2500,1,1,1
286,q22,무설탕,건강라벨 있음,2500,1,1,2
286,q23,무설탕,건강라벨 있음,3000,1,1,2
286,q24,일반당,건강라벨 있음,2000,0,1,1
286,q25,일반당,건강라벨 있음,3000,0,1,2
286,q26,무설탕,건강라벨 없음,2000,1,0,2
287,q21,무설탕,건강라벨 있음,2500,1,1,1
287,q22,무설탕,건강라벨 있음,2500,1,1,2
287,q23,무설탕,건강라벨 없음,2000,1,0,1
287,q24,일반당,건강라벨 있음,2000,0,1,1
287,q25,일반당,건강라벨 있음,3000,0,1,2
287,q26,일반당,건강라벨 있음,3000,0,1,1
288,q21,무설탕,건강라벨 있음,2500,1,1,1
288,q22,무설탕,건강라벨 있음,2500,1,1,2
288,q23,무설탕,건강라벨 없음,2000,1,0,1
288,q24,일반당,건강라벨 있음,2000,0,1,1
288,q25,무설탕,건강라벨 없음,2500,1,0,1
288,q26,무설탕,건강라벨 없음,2000,1,0,2
290,q21,일반당,건강라벨 없음,2000,0,0,2
290,q22,일반당,건강라벨 없음,3000,0,0,1
290,q23,무설탕,건강라벨 있음,3000,1,1,2
290,q24,일반당,건강라벨 있음,2000,0,1,1
290,q25,일반당,건강라벨 있음,3000,0,1,2
290,q26,일반당,건강라벨 있음,3000,0,1,1
292,q22,무설탕,건강라벨 있음,2500,1,1,2
292,q24,일반당,건강라벨 있음,2000,0,1,1
292,q25,무설탕,건강라벨 없음,2500,1,0,1
292,q26,무설탕,건강라벨 없음,2000,1,0,2
293,q21,무설탕,건강라벨 있음,2500,1,1,1
293,q22,무설탕,건강라벨 있음,2500,1,1,2
293,q23,무설탕,건강라벨 없음,2000,1,0,1
293,q24,일반당,건강라벨 있음,2000,0,1,1
293,q25,무설탕,건강라벨 없음,2500,1,0,1
293,q26,무설탕,건강라벨 없음,2000,1,0,2
294,q21,무설탕,건강라벨 있음,2500,1,1,1
294,q22,무설탕,건강라벨 있음,2500,1,1,2
294,q23,무설탕,건강라벨 있음,3000,1,1,2
294,q24,일반당,건강라벨 없음,2500,0,0,2
294,q25,일반당,건강라벨 있음,3000,0,1,2
294,q26,무설탕,건강라벨 없음,2000,1,0,2
295,q21,일반당,건강라벨 없음,2000,0,0,2
295,q22,일반당,건강라벨 없음,3000,0,0,1
295,q23,무설탕,건강라벨 있음,3000,1,1,2
295,q24,일반당,건강라벨 있음,2000,0,1,1
295,q25,일반당,건강라벨 있음,3000,0,1,2
295,q26,일반당,건강라벨 있음,3000,0,1,1
296,q21,일반당,건강라벨 없음,2000,0,0,2
296,q22,무설탕,건강라벨 있음,2500,1,1,2
296,q23,무설탕,건강라벨 있음,3000,1,1,2
296,q24,일반당,건강라벨 없음,2500,0,0,2
296,q25,일반당,건강라벨 있음,3000,0,1,2
296,q26,무설탕,건강라벨 없음,2000,1,0,2
297,q21,일반당,건강라벨 없음,2000,0,0,2
297,q22,일반당,건강라벨 없음,3000,0,0,1
297,q23,무설탕,건강라벨 있음,3000,1,1,2
297,q24,일반당,건강라벨 있음,2000,0,1,1
297,q25,일반당,건강라벨 있음,3000,0,1,2
297,q26,일반당,건강라벨 있음,3000,0,1,1
298,q21,무설탕,건강라벨 있음,2500,1,1,1
298,q22,무설탕,건강라벨 있음,2500,1,1,2
298,q23,무설탕,건강라벨 없음,2000,1,0,1
298,q24,일반당,건강라벨 있음,2000,0,1,1
298,q25,무설탕,건강라벨 없음,2500,1,0,1
298,q26,무설탕,건강라벨 없음,2000,1,0,2
299,q21,무설탕,건강라벨 있음,2500,1,1,1
299,q22,무설탕,건강라벨 있음,2500,1,1,2
299,q23,무설탕,건강라벨 없음,2000,1,0,1
299,q24,일반당,건강라벨 있음,2000,0,1,1
299,q25,무설탕,건강라벨 없음,2500,1,0,1
299,q26,무설탕,건강라벨 없음,2000,1,0,2
300,q21,무설탕,건강라벨 있음,2500,1,1,1
300,q22,무설탕,건강라벨 있음,2500,1,1,2
300,q23,무설탕,건강라벨 있음,3000,1,1,2
300,q24,일반당,건강라벨 있음,2000,0,1,1
300,q25,무설탕,건강라벨 없음,2500,1,0,1
300,q26,무설탕,건강라벨 없음,2000,1,0,2
301,q21,무설탕,건강라벨 있음,2500,1,1,1
301,q22,무설탕,건강라벨 있음,2500,1,1,2
301,q23,무설탕,건강라벨 있음,3000,1,1,2
301,q24,일반당,건강라벨 있음,2000,0,1,1
301,q25,무설탕,건강라벨 없음,2500,1,0,1
301,q26,무설탕,건강라벨 없음,2000,1,0,2
302,q21,무설탕,건강라벨 있음,2500,1,1,1
302,q22,일반당,건강라벨 없음,3000,0,0,1
302,q23,무설탕,건강라벨 없음,2000,1,0,1
302,q24,일반당,건강라벨 없음,2500,0,0,2
302,q25,일반당,건강라벨 있음,3000,0,1,2
302,q26,일반당,건강라벨 있음,3000,0,1,1
303,q21,무설탕,건강라벨 있음,2500,1,1,1
303,q22,무설탕,건강라벨 있음,2500,1,1,2
303,q23,무설탕,건강라벨 없음,2000,1,0,1
303,q24,일반당,건강라벨 있음,2000,0,1,1
303,q25,무설탕,건강라벨 없음,2500,1,0,1
303,q26,무설탕,건강라벨 없음,2000,1,0,2
304,q21,일반당,건강라벨 없음,2000,0,0,2
304,q22,일반당,건강라벨 없음,3000,0,0,1
304,q23,무설탕,건강라벨 있음,3000,1,1,2
304,q24,일반당,건강라벨 있음,2000,0,1,1
304,q25,일반당,건강라벨 있음,3000,0,1,2
304,q26,일반당,건강라벨 있음,3000,0,1,1
305,q21,무설탕,건강라벨 있음,2500,1,1,1
305,q22,무설탕,건강라벨 있음,2500,1,1,2
305,q23,무설탕,건강라벨 없음,2000,1,0,1
305,q24,일반당,건강라벨 있음,2000,0,1,1
305,q25,무설탕,건강라벨 없음,2500,1,0,1
305,q26,무설탕,건강라벨 없음,2000,1,0,2
306,q21,무설탕,건강라벨 있음,2500,1,1,1
306,q22,무설탕,건강라벨 있음,2500,1,1,2
306,q23,무설탕,건강라벨 없음,2000,1,0,1
306,q24,일반당,건강라벨 있음,2000,0,1,1
306,q25,무설탕,건강라벨 없음,2500,1,0,1
306,q26,무설탕,건강라벨 없음,2000,1,0,2
307,q21,무설탕,건강라벨 있음,2500,1,1,1
307,q22,무설탕,건강라벨 있음,2500,1,1,2
307,q23,무설탕,건강라벨 없음,2000,1,0,1
307,q24,일반당,건강라벨 있음,2000,0,1,1
307,q25,무설탕,건강라벨 없음,2500,1,0,1
307,q26,무설탕,건강라벨 없음,2000,1,0,2
309,q21,무설탕,건강라벨 있음,2500,1,1,1
309,q22,무설탕,건강라벨 있음,2500,1,1,2
309,q23,무설탕,건강라벨 없음,2000,1,0,1
309,q24,일반당,건강라벨 있음,2000,0,1,1
309,q25,무설탕,건강라벨 없음,2500,1,0,1
309,q26,무설탕,건강라벨 없음,2000,1,0,2
310,q21,무설탕,건강라벨 있음,2500,1,1,1
310,q22,무설탕,건강라벨 있음,2500,1,1,2
310,q23,무설탕,건강라벨 있음,3000,1,1,2
310,q24,일반당,건강라벨 있음,2000,0,1,1
310,q25,무설탕,건강라벨 없음,2500,1,0,1
310,q26,무설탕,건강라벨 없음,2000,1,0,2
311,q21,무설탕,건강라벨 있음,2500,1,1,1
311,q22,일반당,건강라벨 없음,3000,0,0,1
311,q23,무설탕,건강라벨 있음,3000,1,1,2
311,q24,일반당,건강라벨 있음,2000,0,1,1
311,q25,일반당,건강라벨 있음,3000,0,1,2
311,q26,일반당,건강라벨 있음,3000,0,1,1
312,q21,일반당,건강라벨 없음,2000,0,0,2
312,q22,무설탕,건강라벨 있음,2500,1,1,2
312,q23,무설탕,건강라벨 없음,2000,1,0,1
312,q24,일반당,건강라벨 있음,2000,0,1,1
312,q25,무설탕,건강라벨 없음,2500,1,0,1
312,q26,무설탕,건강라벨 없음,2000,1,0,2
313,q21,무설탕,건강라벨 있음,2500,1,1,1
313,q22,무설탕,건강라벨 있음,2500,1,1,2
313,q23,무설탕,건강라벨 있음,3000,1,1,2
313,q25,무설탕,건강라벨 없음,2500,1,0,1
313,q26,무설탕,건강라벨 없음,2000,1,0,2
314,q21,일반당,건강라벨 없음,2000,0,0,2
314,q22,무설탕,건강라벨 있음,2500,1,1,2
314,q23,무설탕,건강라벨 있음,3000,1,1,2
314,q24,일반당,건강라벨 있음,2000,0,1,1
314,q25,일반당,건강라벨 있음,3000,0,1,2
314,q26,일반당,건강라벨 있음,3000,0,1,1
315,q21,무설탕,건강라벨 있음,2500,1,1,1
315,q22,무설탕,건강라벨 있음,2500,1,1,2
315,q23,무설탕,건강라벨 없음,2000,1,0,1
315,q24,일반당,건강라벨 있음,2000,0,1,1
315,q25,무설탕,건강라벨 없음,2500,1,0,1
315,q26,무설탕,건강라벨 없음,2000,1,0,2
316,q21,무설탕,건강라벨 있음,2500,1,1,1
316,q22,무설탕,건강라벨 있음,2500,1,1,2
316,q23,무설탕,건강라벨 없음,2000,1,0,1
316,q24,일반당,건강라벨 있음,2000,0,1,1
316,q25,무설탕,건강라벨 없음,2500,1,0,1
316,q26,무설탕,건강라벨 없음,2000,1,0,2
318,q21,무설탕,건강라벨 있음,2500,1,1,1
318,q22,무설탕,건강라벨 있음,2500,1,1,2
318,q23,무설탕,건강라벨 있음,3000,1,1,2
318,q24,일반당,건강라벨 있음,2000,0,1,1
318,q25,무설탕,건강라벨 없음,2500,1,0,1
318,q26,무설탕,건강라벨 없음,2000,1,0,2
322,q21,무설탕,건강라벨 있음,2500,1,1,1
322,q22,무설탕,건강라벨 있음,2500,1,1,2
322,q23,무설탕,건강라벨 있음,3000,1,1,2
322,q24,일반당,건강라벨 있음,2000,0,1,1
322,q25,무설탕,건강라벨 없음,2500,1,0,1
322,q26,무설탕,건강라벨 없음,2000,1,0,2
323,q21,무설탕,건강라벨 있음,2500,1,1,1
323,q22,무설탕,건강라벨 있음,2500,1,1,2
323,q23,무설탕,건강라벨 있음,3000,1,1,2
323,q24,일반당,건강라벨 있음,2000,0,1,1
323,q25,무설탕,건강라벨 없음,2500,1,0,1
323,q26,무설탕,건강라벨 없음,2000,1,0,2
330,q21,무설탕,건강라벨 있음,2500,1,1,1
330,q22,일반당,건강라벨 없음,3000,0,0,1
330,q23,무설탕,건강라벨 없음,2000,1,0,1
330,q24,일반당,건강라벨 있음,2000,0,1,1
330,q25,무설탕,건강라벨 없음,2500,1,0,1
330,q26,무설탕,건강라벨 없음,2000,1,0,2
333,q21,무설탕,건강라벨 있음,2500,1,1,1
333,q22,무설탕,건강라벨 있음,2500,1,1,2
333,q23,무설탕,건강라벨 없음,2000,1,0,1
333,q24,일반당,건강라벨 있음,2000,0,1,1
333,q25,무설탕,건강라벨 없음,2500,1,0,1
333,q26,무설탕,건강라벨 없음,2000,1,0,2
335,q21,무설탕,건강라벨 있음,2500,1,1,1
335,q22,무설탕,건강라벨 있음,2500,1,1,2
335,q23,무설탕,건강라벨 있음,3000,1,1,2
335,q24,일반당,건강라벨 있음,2000,0,1,1
335,q25,무설탕,건강라벨 없음,2500,1,0,1
335,q26,무설탕,건강라벨 없음,2000,1,0,2
336,q21,무설탕,건강라벨 있음,2500,1,1,1
336,q22,무설탕,건강라벨 있음,2500,1,1,2
336,q23,무설탕,건강라벨 있음,3000,1,1,2
336,q24,일반당,건강라벨 있음,2000,0,1,1
336,q25,일반당,건강라벨 있음,3000,0,1,2
336,q26,일반당,건강라벨 있음,3000,0,1,1
343,q21,무설탕,건강라벨 있음,2500,1,1,1
343,q22,무설탕,건강라벨 있음,2500,1,1,2
343,q23,무설탕,건강라벨 없음,2000,1,0,1
343,q24,일반당,건강라벨 있음,2000,0,1,1
343,q25,일반당,건강라벨 있음,3000,0,1,2
343,q26,무설탕,건강라벨 없음,2000,1,0,2
346,q21,일반당,건강라벨 없음,2000,0,0,2
346,q22,무설탕,건강라벨 있음,2500,1,1,2
346,q23,무설탕,건강라벨 있음,3000,1,1,2
346,q24,일반당,건강라벨 있음,2000,0,1,1
346,q25,무설탕,건강라벨 없음,2500,1,0,1
346,q26,무설탕,건강라벨 없음,2000,1,0,2
347,q21,무설탕,건강라벨 있음,2500,1,1,1
347,q22,무설탕,건강라벨 있음,2500,1,1,2
347,q23,무설탕,건강라벨 없음,2000,1,0,1
347,q24,일반당,건강라벨 있음,2000,0,1,1
347,q25,일반당,건강라벨 있음,3000,0,1,2
347,q26,일반당,건강라벨 있음,3000,0,1,1
348,q21,무설탕,건강라벨 있음,2500,1,1,1
348,q22,무설탕,건강라벨 있음,2500,1,1,2
348,q23,무설탕,건강라벨 없음,2000,1,0,1
348,q25,무설탕,건강라벨 없음,2500,1,0,1
348,q26,무설탕,건강라벨 없음,2000,1,0,2
349,q21,무설탕,건강라벨 있음,2500,1,1,1
349,q22,무설탕,건강라벨 있음,2500,1,1,2
349,q23,무설탕,건강라벨 있음,3000,1,1,2
349,q24,일반당,건강라벨 있음,2000,0,1,1
349,q25,일반당,건강라벨 있음,3000,0,1,2
349,q26,일반당,건강라벨 있음,3000,0,1,1
352,q21,무설탕,건강라벨 있음,2500,1,1,1
352,q22,무설탕,건강라벨 있음,2500,1,1,2
352,q23,무설탕,건강라벨 있음,3000,1,1,2
352,q24,일반당,건강라벨 있음,2000,0,1,1
352,q25,무설탕,건강라벨 없음,2500,1,0,1
352,q26,무설탕,건강라벨 없음,2000,1,0,2
353,q21,무설탕,건강라벨 있음,2500,1,1,1
353,q22,무설탕,건강라벨 있음,2500,1,1,2
353,q23,무설탕,건강라벨 있음,3000,1,1,2
353,q25,무설탕,건강라벨 없음,2500,1,0,1
353,q26,무설탕,건강라벨 없음,2000,1,0,2
357,q21,일반당,건강라벨 없음,2000,0,0,2
357,q22,무설탕,건강라벨 있음,2500,1,1,2
357,q23,무설탕,건강라벨 없음,2000,1,0,1
357,q24,일반당,건강라벨 있음,2000,0,1,1
357,q25,무설탕,건강라벨 없음,2500,1,0,1
357,q26,무설탕,건강라벨 없음,2000,1,0,2
359,q21,무설탕,건강라벨 있음,2500,1,1,1
359,q22,무설탕,건강라벨 있음,2500,1,1,2
359,q23,무설탕,건강라벨 없음,2000,1,0,1
359,q24,일반당,건강라벨 있음,2000,0,1,1
359,q25,무설탕,건강라벨 없음,2500,1,0,1
359,q26,무설탕,건강라벨 없음,2000,1,0,2
377,q21,무설탕,건강라벨 있음,2500,1,1,1
377,q22,무설탕,건강라벨 있음,2500,1,1,2
377,q23,무설탕,건강라벨 없음,2000,1,0,1
377,q24,일반당,건강라벨 없음,2500,0,0,2
377,q25,무설탕,건강라벨 없음,2500,1,0,1
377,q26,무설탕,건강라벨 없음,2000,1,0,2
385,q21,무설탕,건강라벨 있음,2500,1,1,1
385,q22,무설탕,건강라벨 있음,2500,1,1,2
385,q23,무설탕,건강라벨 없음,2000,1,0,1
385,q24,일반당,건강라벨 있음,2000,0,1,1
385,q25,무설탕,건강라벨 없음,2500,1,0,1
385,q26,무설탕,건강라벨 없음,2000,1,0,2
394,q21,일반당,건강라벨 없음,2000,0,0,2
394,q22,무설탕,건강라벨 있음,2500,1,1,2
394,q23,무설탕,건강라벨 없음,2000,1,0,1
394,q24,일반당,건강라벨 있음,2000,0,1,1
394,q25,무설탕,건강라벨 없음,2500,1,0,1
394,q26,무설탕,건강라벨 없음,2000,1,0,2
395,q21,무설탕,건강라벨 있음,2500,1,1,1
395,q22,무설탕,건강라벨 있음,2500,1,1,2
395,q23,무설탕,건강라벨 있음,3000,1,1,2
395,q24,일반당,건강라벨 있음,2000,0,1,1
395,q25,무설탕,건강라벨 없음,2500,1,0,1
395,q26,무설탕,건강라벨 없음,2000,1,0,2
397,q22,무설탕,건강라벨 있음,2500,1,1,2
397,q23,무설탕,건강라벨 없음,2000,1,0,1
397,q24,일반당,건강라벨 있음,2000,0,1,1
397,q25,무설탕,건강라벨 없음,2500,1,0,1
397,q26,무설탕,건강라벨 없음,2000,1,0,2
400,q21,무설탕,건강라벨 있음,2500,1,1,1
400,q22,무설탕,건강라벨 있음,2500,1,1,2
400,q23,무설탕,건강라벨 없음,2000,1,0,1
400,q25,무설탕,건강라벨 없음,2500,1,0,1
400,q26,무설탕,건강라벨 없음,2000,1,0,2
402,q21,무설탕,건강라벨 있음,2500,1,1,1
402,q22,무설탕,건강라벨 있음,2500,1,1,2
402,q23,무설탕,건강라벨 없음,2000,1,0,1
402,q24,일반당,건강라벨 있음,2000,0,1,1
402,q25,무설탕,건강라벨 없음,2500,1,0,1
402,q26,무설탕,건강라벨 없음,2000,1,0,2
